RGI,Latitude,Longitude
31678723,-23.576186,-46.638664
31634723,-22.9669499122686,-47.1371364605565
31377623,-23.542492,-46.355553
31968823,-23.603768,-46.665856
35948616,-23.6040309869635,-46.5585922495987
11314236,-23.644493487072,-46.6107848270531
31138523,-23.541236,-46.782663
31861823,-23.609132,-46.656022
35566621,-23.5288077688424,-46.4916639186325
33205923,-23.549135,-46.760007
31247623,-23.545689,-46.6454508478851
30907423,-23.5968014311712,-46.6663428368053
38037522,-23.541427,-46.456622
11993238,-23.5285016572517,-46.4472622617493
31369623,-23.569866,-46.710392
30206123,-23.5612028557445,-46.5961674430132
30292123,-23.651158,-46.560662
399761222,-23.614492,-46.68427
31638723,-23.604556,-46.670968
31847823,-23.6037099772078,-46.6615134723873
397951222,-23.55903,-46.667008
10481232,-23.55903,-46.667008
31173523,-23.540105,-46.653996
380971216,-23.6039190942281,-46.6787994589302
10444232,-23.6075470050912,-46.6685079967346
31207623,-23.542322,-46.572057
31851823,-23.6779609833424,-46.7081523061342
30278123,-23.5733351028091,-46.6533149386578
30876323,-22.6867352280986,-47.667393583992
34786421,-23.620013307907,-46.6349784705532
30549223,-23.5407098691256,-46.1935734576721
31961823,-23.532024,-46.448205
31078423,-23.4808302114149,-46.5871037141209
30433223,-23.5386870978225,-46.7189607349529
398641222,-23.5933832281245,-46.6682373403539
35691721,-23.582667,-46.579813
30996423,-23.5383911489861,-46.7489438551559
32080823,-23.5593166265501,-46.6136618146458
30804323,-22.7806537565643,-47.1364984576721
30505223,-23.567085,-46.645987
31064423,-23.586625,-46.725585
30160123,-23.597756,-46.471449
10713233,-23.597756,-46.471449
31090523,-23.6020646746031,-46.6567323558197
31573623,-22.877887,-47.020928
31619723,-23.6419160785035,-46.736056631773
397981222,-23.579764,-46.676257
398571222,-23.3999405520708,-46.3202051650238
398781222,-23.5960559016946,-46.6829525889549
31243623,-23.5413715846615,-46.5568253816147
11277236,-23.5413733234186,-46.5568012417336
95112211,-23.718694,-46.846091
11262236,-23.718661,-46.846117
97252211,-23.624963,-46.691961
30307123,-23.671492,-46.515472
31269623,-23.527254,-46.45286
30430223,-23.4742399801512,-46.5249043472213
31110523,-23.5294518769147,-46.5307837404928
31117523,-23.5562045686348,-46.6146393349877
31630723,-22.902464589308,-47.0442172095818
31141523,-23.6173452100177,-46.6239694557676
31073423,-23.536277,-46.532266
31079423,-23.6026285141659,-46.4607855214958
37455122,-23.5334936037454,-46.4053578134918
31444623,-23.564681,-46.644524
31242623,-23.5624111514644,-46.6740499450607
7574222,-23.44355,-46.543957
13204239,-23.6267826374646,-46.6916136883259
11272236,-23.561137,-46.597171
31276623,-23.54032,-46.55947
30775323,-22.8490578670362,-47.0538376527786
30193123,-23.657078,-46.613287
31142523,-23.6302871969901,-46.5982054232788
30814323,-23.666997,-46.788384
11080234,-23.583937,-46.715981
11083234,-23.583937,-46.715981
31076423,-23.583937,-46.715981
36153821,-23.664454227746,-46.7256603756714
30204123,-23.51384,-46.582872
34677421,-23.6283664994213,-46.7001163873844
32451318,-23.5434899612709,-46.5781029957009
30282123,-23.5631696973983,-46.5467107324925
30073123,-22.747722,-47.182047
31629723,-22.8954758731941,-47.030060635582
30434223,-23.5798369604305,-46.642365285532
38328722,-23.4986649868875,-46.7085394779272
327711120,-23.606245341178,-46.6906965299543
360451014,-23.4996018902059,-46.4632634625656
30778323,-23.605936163854,-46.6910610530777
31340623,-22.8892361516116,-47.0554618717757
31171523,-23.6148501538453,-46.6862876917267
31708723,-23.450952426495,-46.6717616858444
32010823,-23.547685,-46.414624
30274123,-23.5829466496348,-46.6349306231746
10868233,-23.5829480434579,-46.6348894282417
379951019,-23.5359775,-46.566912
10652233,-23.536127,-46.567072
30353123,-23.647516,-46.644265
31068423,-23.607239,-46.6921671079693
31174523,-23.6427787537142,-46.7215535795746
30821323,-23.5553341121038,-46.5502868837795
30435223,-23.6439206690539,-46.7399872417336
32084823,-23.539507,-46.712499
31319623,-23.5788377353402,-46.6482481815453
30746323,-23.4963910600244,-46.4434429105549
31004423,-23.5600976578267,-46.5985380699406
31065423,-23.608411,-46.668364
31563623,-23.6091850892168,-46.6678496550865
31098523,-23.600462,-46.61487
31433623,-23.5635257596819,-46.5655048735065
38321722,-23.692312,-46.586838
31341623,-22.716496,-47.634561
31190623,-22.600366,-47.38754
35955616,-23.5642429,-46.5949271
31271623,-23.561137,-46.597171
30168123,-22.713315,-47.639308
30784323,-23.5161075212667,-46.8594429265976
10491232,-23.52164,-46.670388
30490223,-23.5215367075672,-46.6703665423279
37592222,-23.4762035863568,-46.6024020512429
31158523,-23.58557,-46.637891
31318623,-23.564994,-46.563787
31115523,-23.684695,-46.682041
31119523,-23.4637484320636,-46.5806074404755
32110823,-23.464237928138,-46.5850105803566
399221222,-23.632886630977,-46.7377243508568
32105823,-23.5719764584013,-46.4520720932541
394231022,-23.3738029947876,-46.7018314232788
30473223,-22.890928,-47.045029
31620723,-23.5273297077138,-46.6605297349529
30313123,-23.6273444806491,-46.6910499067459
30311123,-23.571052,-46.641853
31153523,-23.551632,-46.680541
31623723,-23.608397,-46.669044
31886823,-22.891206,-47.050605
38329722,-23.50252,-46.192639
31902823,-22.8943124675573,-47.1004666325236
365671021,-23.5578758711156,-46.6659846122684
32074823,-23.5126216739745,-46.7040022936707
30715323,-23.534338,-46.679653
30768323,-23.595498420395,-46.6745345423279
32086823,-23.6130041127426,-46.6678566273764
31345623,-23.556108888386,-46.6525050548782
399911222,-23.545724,-46.660474
10359231,-23.511254,-46.431008
38400722,-23.5054847415496,-46.6845656441803
30914423,-23.555464,-46.608543
38306722,-23.626061,-46.66746
31140523,-23.4882339686822,-46.8634103399505
35476621,-23.528901,-46.51321
398991222,-23.478023,-46.700778
367501121,-23.6333417641046,-46.6909793821917
31099523,-23.5308989328557,-46.6754491779098
31198623,-22.8086509556425,-47.2510267655373
30315123,-23.5326567816393,-46.5204867238731
31344623,-23.6427043524038,-46.5057045896492
31245623,-23.6133767929341,-46.6725621448441
31067423,-23.5510390693803,-46.6786402478504
31201623,-23.57527,-46.606552
30901423,-23.5320087584944,-46.5023523963299
31997823,-23.672552663113,-46.5269876588955
37936422,-23.5524902089407,-46.9249020522232
10397232,-23.5520820531604,-46.9259937112923
11604237,-23.7397246965228,-46.5399124980087
399011222,-23.538361,-46.672665
37358122,-23.5657717170926,-46.6560025045661
30354123,-23.497844608921,-46.5138770602367
31297623,-23.5336616239305,-46.5532803082123
31975823,-23.546488,-46.402184
31147523,-23.546488,-46.402184
31624723,-23.5505642247607,-46.4527619153443
30776323,-23.5497794550309,-46.4533979067459
30356123,-23.666310410739,-46.6539545753937
30470223,-22.8901555221676,-47.044519682209
368151121,-23.5243541385191,-46.6502604404754
30816323,-22.841955,-47.22136
31104523,-23.5821586656865,-46.5551756894798
31136523,-23.6694379745154,-46.7218837609425
30432223,-23.561988,-46.69192
31113523,-23.5278130525902,-46.5613203583012
31172523,-23.5596241270776,-46.6518201052361
30104123,-23.5803968779854,-46.6700254957008
33176923,-23.540467,-46.58834
31070423,-23.607807,-46.654776
11921238,-22.943885,-47.160628
31920823,-22.943885,-47.160628
394381022,-23.5730377262024,-46.6374157116394
5623217,-23.5182026675602,-46.7147329442166
88535172,-23.5875898745871,-46.9264112947204
30152123,-22.7166166551516,-47.649092
31354623,-23.579362,-46.675405
10975234,-23.5877285368168,-46.7229510767517
30910423,-23.5877251744855,-46.7229298711986
30622223,-23.602747,-46.656039
31575623,-23.603359,-46.656505
366391121,-23.4584466316568,-46.9202122698364
30793323,-23.5652849263846,-46.514179609787
392191022,-23.661749,-46.783026
30431223,-23.665016,-46.520944
31291623,-22.8836201869574,-47.0636567387619
31616723,-23.561313,-46.669156
34667421,-23.6040302931961,-46.6059397673377
31091523,-23.48286,-46.611906
30545223,-23.538965,-46.780876
30547223,-23.538946,-46.778727
30546223,-23.542553,-46.777264
31322623,-23.580725,-46.565207
90842210,-22.9477756613166,-47.038183
31145523,-23.513731,-46.183777
30792323,-23.5558234899431,-46.2286107672119
11590237,-23.55186,-46.226465
10172231,-23.681175,-46.60314
39571120,-23.6051066717225,-46.5153079650818
399111222,-23.5940184957833,-46.4792915383453
30286123,-23.645327983778,-46.5360906851501
31836823,-23.5471344113411,-46.6914546588955
10422232,-23.525044883088,-46.7968215892995
31086523,-23.492662,-46.64039
33172923,-23.595661,-46.636839
399781222,-23.483367,-46.661404
31570623,-23.5566260416954,-46.3309688518677
31007423,-23.514455276075,-46.6529643294477
30919423,-23.554405,-46.789712
30302123,-23.529957,-46.675109
30629223,-23.5287018322731,-46.682165635582
399741222,-23.5958410755596,-46.623959145998
30782323,-23.615463,-46.674758
31155523,-23.548656,-46.659661
30741323,-23.6410433431493,-46.7365890502624
31014423,-23.5797946001886,-46.603616271164
99212212,-23.5331876539758,-46.563709635582
30902423,-23.657542,-46.667338
36468716,-23.6652040085839,-46.5066212270184
30809323,-23.550979,-46.757484
394021022,-23.478384,-46.592896
31182623,-23.5666196215637,-46.6582959582585
367711121,-23.549556,-46.545105
31541623,-23.391980682657,-46.3289431484795
397971222,-23.573372,-46.70869
30812323,-23.6049591581889,-46.8289855268059
30198123,-23.476276,-46.604055
31150523,-23.568372,-46.742481
30328123,-23.622496,-46.681284
31640723,-23.583256,-46.558605
31663723,-23.6036979517283,-46.6762311226845
367571121,-23.5275902339279,-46.6862101388871
10341231,-23.5997704649071,-46.5241116441803
31293623,-23.638751,-46.718161
30216123,-23.610598,-46.733207
393961022,-23.645252524596,-46.7347766452103
399701222,-23.5597950392214,-46.6702740944691
31806723,-23.485413,-46.853008
30503223,-23.614703,-46.671229
38031522,-23.555772,-46.456017
31279623,-23.4468991883529,-46.7244597361069
5557216,-23.510717,-46.553966
30202123,-23.656973950249,-46.704615
31929823,-23.543348,-46.597699
30214123,-23.516032,-46.627139
30211123,-23.585186,-46.545814
31842823,-23.5876531652252,-46.6835204383019
35471621,-23.6027159756756,-46.6129407374344
31677723,-23.5977653836705,-46.6388963141556
30404223,-23.6497284574625,-46.5340614981111
30029123,-23.5423576567187,-46.6445333214264
37820322,-23.568275,-46.700482
394241022,-23.5862963540218,-46.5842787063501
392571022,-23.5582423385392,-46.5511142098217
30803323,-23.5456925142941,-46.6929755478678
30281123,-23.621316,-46.684456
33155518,-23.5521332644359,-46.6930485687172
38072522,-23.5983258650481,-46.6318650340462
392621022,-23.493046,-46.876193
37360122,-23.571659,-46.715534
398201222,-23.568429,-46.657869
31636723,-22.9673341633202,-47.1369254175175
37894422,-23.577212,-46.440743
30072123,-22.8498727172421,-47.0579938306885
35806721,-23.589813666378,-46.6380981607132
11610237,-23.3293926476146,-46.7521697400894
11611237,-23.3292645756827,-46.7521429179993
399401222,-23.449853,-46.558054
397921222,-23.5363180642381,-46.7131732711639
37624222,-23.5776583336422,-46.642253
37712322,-23.7286743549412,-46.5417797829075
368001121,-23.6435359680326,-46.7128508368054
38579822,-22.7923831703768,-47.2784581861382
30899423,-23.5989301228017,-46.6400258945122
96702211,-23.607076,-46.599468
38312722,-23.6492261152212,-46.6455675276127
37570222,-23.655481,-46.553676
35708721,-23.5686335003251,-46.6908470613422
38406722,-23.6672138352109,-46.7175533369484
34832421,-23.647656,-46.702174
38684822,-23.5409450507834,-46.4739627427445
393631022,-23.569866,-46.710392
38522822,-23.645685,-46.539914
38058522,-23.588979,-46.639461
37446122,-23.5626298284846,-46.6633450846558
38414722,-23.5280031417523,-46.5304377288361
38686822,-23.573596,-46.646748
37448122,-23.5950278739673,-46.6708518492126
34768421,-23.6175438821698,-46.6355198809509
30036123,-23.6683296945017,-46.5492611779099
38012522,-22.898901,-47.043153
37940422,-23.536692965108,-46.7793404232788
38318722,-23.478565,-46.543215000000004
31166523,-23.5422451006905,-46.5165798429222
391531022,-23.6854385437276,-46.5603471018524
4317213,-23.538869,-46.942555
397711122,-23.6075457802265,-46.6685046243155
394601022,-23.5318438986672,-46.6481818981476
38838922,-23.543571,-46.648189
37947422,-23.544528,-46.648361
38379722,-23.536902,-46.651964
38182622,-23.609026,-46.633815
38582822,-23.492432,-46.882972
38580822,-23.4935841105104,-46.8728949140167
38540822,-23.515013,-46.858574
38043522,-23.5955948588994,-46.7447795165329
334561215,-23.4394881214188,-46.7183533147499
391931022,-23.5307243189292,-46.6855611865082
30148123,-23.667280081624,-46.7175546944428
39717220,-23.5295131544034,-46.6745423170967
30051123,-23.61236,-46.626155
38707922,-22.9229289342104,-47.0857091865082
38313722,-23.648834,-46.660689
37948422,-23.624847,-46.687191
37945422,-23.624847,-46.687191
37977422,-23.5811949975016,-46.5898797324715
392871022,-23.5909036541359,-46.6705384104681
37989522,-23.586172,-46.727146
394581022,-23.5724630168771,-46.4525952503929
398601222,-23.544173,-46.299124
30285123,-23.5702287885679,-46.6925857643833
38664822,-23.4947016463624,-46.4476050292001
38230622,-23.639859,-46.697458
38121522,-23.602001,-46.663103
38681822,-23.5350279620258,-46.6663147754631
37628222,-23.553473,-46.639586
35812721,-23.54838932815,-46.6618791754284
11128235,-23.5949547044668,-46.6498381987419
38236622,-23.59406,-46.650034
365771021,-23.5667707944851,-46.6543805975533
391381022,-23.552653,-46.688701
38583822,-23.553505,-46.6930070233135
31011423,-22.9506219041642,-47.1179070760574
397701122,-23.6140603653538,-46.667728656414
368061121,-23.612282,-46.730163
8575228,-23.5384207005045,-46.7483760846558
37572222,-23.5731554056829,-46.7080050894451
37585222,-23.554627,-46.612715
38118522,-23.554627,-46.612715
35683721,-23.607924,-46.669725
37740322,-23.545221666344,-46.5911716915016
398631222,-22.9482709544252,-47.1192860502624
396021122,-23.618726,-46.778182
37579222,-23.5208209180215,-46.5535802169189
10151231,-23.5210279807181,-46.5538269801483
31343623,-23.579765,-46.78023
30912423,-23.5464821558413,-46.5412934723873
394751022,-23.624676545816,-46.6653409451665
398591222,-22.968576,-47.111634
30199123,-23.718005,-46.547321
38019522,-23.708301,-46.544479
30309123,-23.70618,-46.544936
30338123,-23.714341,-46.547428
30339123,-23.705424,-46.546612
30301123,-23.707877,-46.542607
30336123,-23.706305,-46.547107
30191123,-23.682463,-46.563009
37392122,-23.6312666701305,-46.535533614975
39003922,-23.6413087103847,-46.7364656686478
97762211,-23.641063,-46.736868
5226215,-23.6277663094057,-46.6917432380981
38187622,-23.5370258326245,-46.6683308505364
5228215,-23.626144207581,-46.683844974205
38514822,-23.493525,-46.628746
38574822,-23.562871,-46.693671
38030522,-23.554195,-46.653896
397741122,-23.5638067072295,-46.6793088834324
30303123,-23.5952924026878,-46.6689159889202
394611022,-23.4871179116157,-46.7564352543144
34860421,-23.5486628510156,-46.5861264490738
37393122,-23.539853,-46.508083
38334722,-23.4873163987009,-46.4750923829422
38337722,-23.5327342406471,-46.4997736170578
38336722,-23.5312224482504,-46.5491226269836
38338722,-23.5473,-46.577821
35004521,-23.639642,-46.523464
38083522,-23.5753171263667,-46.6574419841308
394131022,-23.541696,-46.534178
38397722,-23.5889828263367,-46.594604390213
392201022,-23.718694,-46.846091
10381232,-23.718694,-46.846091
8595228,-22.776037,-47.138154
38589822,-22.776037,-47.138154
397081122,-23.624963,-46.691961
397941222,-22.89772,-47.051802
37544122,-23.532148653203,-46.6590987870636
34869421,-23.5549177690679,-46.5401446734371
37928422,-23.526794,-46.766545
38098522,-23.55974,-46.791864
38266622,-23.6190821113901,-46.7220382797623
391541022,-23.593898,-46.63814
38004522,-22.89538,-47.050339
34934521,-23.593808357433,-46.6265889312134
38217622,-23.561325,-46.664124
369611121,-23.542379,-46.355685
38010522,-22.895205,-47.050594
38249622,-23.590913,-46.882782
38090522,-23.582951,-46.636009
37408122,-23.596989,-46.638946
38073522,-23.690837,-46.686701
37435122,-23.5966903364943,-46.6397354110451
31002423,-23.5067348699575,-46.6580274723873
37449122,-23.588992,-46.683611
38108522,-23.640214502111,-46.5448153852501
394331022,-23.547477,-46.808344
38824922,-23.627955,-46.638009
38350722,-23.580916,-46.64152
38412722,-23.5558304204398,-46.5147799054184
38393722,-23.562216,-46.674262
372711221,-22.725126,-47.32506
397451122,-23.5963209548841,-46.6256351337643
399871222,-23.6213402668307,-46.5295855006638
37943422,-23.6000616960804,-46.6989641717929
366071021,-23.552493,-46.77092
31186620,-23.5031271193083,-46.4510579935342
38186622,-23.529921,-46.684539
37873422,-23.6147828480245,-46.6795848306885
35606721,-23.485814,-46.862184
38456822,-22.7129273553611,-47.6357326110535
365701021,-23.540827,-46.747169
31089523,-23.649006,-46.586161
398721222,-23.404053,-46.398763
37777322,-23.831348,-46.820308
38377722,-23.5427192463087,-46.3511536294651
38270722,-22.90185,-47.049793
38378722,-23.609328,-46.635972
37993522,-23.57078,-46.71131
39023922,-23.63183,-46.690613
37906422,-23.538171,-46.780039
399811222,-23.5641263154771,-46.5543242509088
38311722,-23.6260107204539,-46.6375363558197
37440122,-23.5344885250648,-46.6479541840267
38578822,-23.560012,-46.663537
36127616,-23.4794665843128,-46.635547945998
31163523,-23.5406838908763,-46.2317959547005
7901224,-22.8736015045255,-47.2116968968201
97752211,-23.558998,-46.652598
38119522,-23.629839,-46.691522
37702322,-23.5627564735395,-46.6672936700181
38038522,-23.5532910474851,-46.7801603735371
38042522,-23.507016,-46.70442
37308122,-23.550866,-46.615935
30196123,-23.568827,-46.635985
391451022,-23.651246,-46.533706
38314722,-23.547679,-46.607141
38032522,-23.6722707190882,-46.6511326944427
11919238,-22.9212790128863,-47.1172177263641
398121222,-23.6624151256817,-46.7676300932541
30053123,-23.5632867569388,-46.4013794355126
39054922,-23.5291922708749,-46.5132497141209
9062229,-23.529162709264,-46.5132376441803
34851421,-23.6366720628936,-46.5422186531441
38120522,-23.629983,-46.691636
30283123,-23.577157,-46.667852
37803322,-22.8885534696277,-47.1998511848335
39219120,-23.3169909510457,-46.6989675182495
38495822,-22.5694634659848,-47.4470782573105
394441022,-22.7987578780299,-47.1954268822784
37394122,-23.640601,-46.539814
392271022,-23.550846,-46.515059
38551822,-23.559121,-46.678715
38327722,-23.568199,-46.322975
30077123,-23.504346,-46.609084
31751723,-23.6006302992784,-46.6585030171966
38709922,-22.587301298974,-47.4122416170578
398411222,-23.4881469683186,-46.862992
398611222,-23.542777,-46.785776
394361022,-23.582973762194,-46.5982466539326
394351022,-23.5824603076322,-46.5981354748688
38373722,-23.549587,-46.688686
397631122,-23.6193195689737,-46.742676682209
38264622,-23.548354,-46.689475
392211022,-23.532228,-46.554684
30169123,-22.722264,-47.635637
30157123,-22.7771844660132,-47.637039994751
39920220,-23.5193264350013,-46.6812191104507
97822212,-23.5189865481304,-46.6811545635071
367581121,-23.5442653116204,-46.6927526441803
37385122,-23.6657743644353,-46.6626917030411
31592723,-23.5444580776676,-46.6508174957008
37373122,-23.5520113695997,-46.4487480674591
35565621,-23.5258218718929,-46.4533556472387
38604822,-22.90278,-47.168755
394541022,-23.557697,-46.664459
37924422,-23.5838645162912,-46.6726232944775
397881222,-23.6270933796734,-46.6917395950718
31180523,-23.497234,-46.617261
30209123,-23.5554290025585,-46.4962279493179
38344722,-23.6768055643493,-46.5248442638931
37434122,-23.536834,-46.578906
38389722,-23.537003,-46.629366
38391722,-23.643895,-46.660063
34764421,-23.5606091379697,-46.6693607668648
397771122,-23.4741389545102,-46.6062144785042
34625421,-23.5168450865542,-46.7526346891327
95713192,-23.5429974,-46.7524965
37612222,-22.713248,-47.645214
394701022,-23.540199,-46.58703
366261121,-23.5849796847184,-46.5745093963299
37830322,-23.537207,-46.676146
34882421,-23.558909,-46.575366
67042111,-23.513028,-46.706029
38013522,-23.5112368205546,-46.6935230099259
37465122,-23.5923891153138,-46.622765974205
37767322,-23.5832396689597,-46.636085
8268227,-23.598959,-46.647515
34728421,-23.5990883723541,-46.647699364418
38376722,-23.543842,-46.691766
38374722,-23.5435418925179,-46.691946
38007522,-22.9007012516345,-47.0297844809856
38324722,-23.6911268278383,-46.6864542367706
30251123,-22.8998981374939,-47.1768269239426
30131123,-23.5729632034629,-46.6579885270638
35679721,-23.584708,-46.6306654490738
38390722,-23.5306985204036,-46.5497605390728
37496122,-23.5358892935222,-46.6754611865082
38658822,-23.5247855472449,-46.1877083263893
38629822,-23.679377,-46.524028
38065522,-23.5724216976048,-46.5862826969242
38245622,-23.568741,-46.6940531779099
38577822,-23.5885642514569,-46.6722986147499
394481022,-23.493551347874,-46.6920148171272
97262211,-23.49351,-46.692036
394471022,-23.5726471869208,-46.5856690846557
37578222,-23.5936914038278,-46.6202157840614
37577222,-23.5936320840086,-46.6200945509261
38194622,-23.6155870334285,-46.6422605889549
39047922,-23.5781123337102,-46.619247682209
30035123,-23.4981231837155,-46.403183
30049123,-23.4935790873571,-46.504727462635
38320722,-23.686876,-46.620125
30096123,-23.634648,-46.61586
34787421,-23.5332885012022,-46.7150462767293
37542122,-23.6107225237164,-46.6829568429222
38447822,-22.6016465688751,-47.38560394841
391561022,-23.645223,-46.542107
37831322,-23.54637,-46.689899
34776421,-23.5462780602689,-46.6899117668648
38067522,-23.5942364452294,-46.6380662705132
38823922,-23.5417373449827,-46.6382537668648
37547222,-23.543905,-46.662284
37582222,-23.4851196422186,-46.6663463038826
34850421,-23.6006936774947,-46.6146893317272
37341122,-23.6093948806995,-46.6363738220901
31100523,-23.512804,-46.652865
399611222,-23.4806334694057,-46.6011346588955
393411022,-22.9009496212332,-47.079933940445
393911022,-22.572107,-47.3782
37595222,-23.5839755820608,-46.734970682209
38210622,-23.6313759187255,-46.5362522534281
394341022,-22.9319245519855,-47.1305850132751
38660822,-23.554178,-46.6479
38382722,-23.5329032056731,-46.7081324219513
30494223,-23.520269,-46.516241
38662822,-23.5896593588802,-46.4993108412476
37921422,-23.606938,-46.689908
399631222,-23.6326377991511,-46.6660137202377
37763322,-23.5383255079375,-46.6458835337296
394551022,-23.5372006985769,-46.5464936269836
30496223,-23.5933039389921,-46.7306296588955
399661222,-23.5050658757712,-46.6954538220901
394591022,-23.602793,-46.607398
399691222,-23.5285258643643,-46.454421441803
37316122,-23.486794,-46.76058
37727322,-23.5959212192324,-46.731233145998
394061022,-23.5710498336749,-46.6521265251312
37320122,-23.492458,-46.717151
399681222,-23.545997,-46.646297
38375722,-23.599202,-46.62949
394571022,-23.625806,-46.62181
30495223,-23.5131460927366,-46.7458465478678
399231222,-23.5908089334517,-46.54123505159
30497223,-23.579221563009,-46.5582296647239
393971022,-23.522667,-46.69579
394091022,-23.593764,-46.739727
397911222,-23.58927532313,-46.6709676650124
39990320,-23.6728424731935,-46.688872204331
38648822,-22.9626693555292,-47.0095116448326
393171022,-23.5829601285519,-46.7172489157165
8054225,-22.8419576374449,-47.2213801423575
38619822,-23.5511199642943,-46.317749661377
394451022,-23.5976331076755,-46.6501181693115
396441122,-23.492311,-46.715067
397811122,-23.5865654483318,-46.6399585717583
394761022,-23.6788843063668,-46.5577542698364
395001122,-23.525701,-46.766282
30624223,-23.604576,-46.60543
37987522,-23.596133,-46.731574
38229622,-23.6106533730302,-46.6651300294304
393591022,-23.601281699203,-46.6371884404755
366521121,-23.5365009649356,-46.5395702711639
38384722,-23.484477,-46.611605
3385320,-23.5942156628355,-46.7373078355042
39021922,-23.6069591840661,-46.6705158965671
37990522,-23.5832033158037,-46.7369255816841
371791221,-22.766651210868,-47.3479669840698
30195123,-23.487775,-46.634738
37808322,-22.9158745800036,-47.0459979472561
390901022,-23.604485,-46.674006
90912210,-23.604485,-46.674006
37439122,-23.615329151789,-46.6800338012581
38419722,-23.6474493231433,-46.6427296773902
394251022,-23.556984,-46.685144
30097123,-23.6090959966594,-46.6122609466198
37586222,-23.690406,-46.686939
38233622,-23.5658907544846,-46.744060364418
355320,-23.6404306,-46.6977934
37776322,-23.62435,-46.690814
30132123,-23.6163819409388,-46.6800905570431
39033922,-23.557173,-46.635767
392061022,-23.532975,-46.674325
37580222,-22.8966451550281,-47.067504682209
39037922,-23.5903610586093,-46.628668754631
37437122,-23.585037,-46.673086
398231222,-23.5028009722916,-46.6333404785042
37463122,-23.6410152868092,-46.7647110085984
38602822,-22.8665681217998,-47.2374861270752
37657222,-23.4834193416492,-46.8665921165676
31167523,-23.5362320435164,-46.7056358368053
38085522,-23.5683177475514,-46.6932700552254
38087522,-23.6143203391382,-46.6663464110451
398031222,-23.5778510310868,-46.6428937504446
38797922,-23.560420469337,-46.6825002530562
39018922,-23.5965436058313,-46.6738661312828
37975422,-23.558074,-46.663479
37971422,-23.558703,-46.6626591865082
37938422,-23.610289,-46.662316
38923922,-23.5782467216224,-46.6400073142775
397511122,-23.511254,-46.431008
4565213,-22.918288,-47.108103
37658222,-23.571532,-46.706632
38401722,-23.460378,-46.593585
30203123,-23.5480937039758,-46.6915186908073
37493122,-23.6314456820484,-46.7292225152054
36045821,-23.599999,-46.682694
30493223,-23.557991,-46.666313
38666822,-23.591379,-46.637264
38269722,-23.4870792051799,-46.8687123214264
38263622,-23.544495,-46.690622
38956922,-23.6173870857934,-46.8760437721748
393471022,-23.645017,-46.741295
35093521,-23.581411,-46.81108
38139622,-23.5980276566292,-46.670982171793
37659222,-23.615968,-46.628133
37655222,-23.6040164705871,-46.6477786944428
37656222,-23.6040146879918,-46.6476861068153
35947319,-23.5307398550108,-46.5410553855146
30135123,-23.529201,-46.675639
38008522,-22.890475,-47.044714
38599822,-23.5714377527748,-46.8066857255478
38235622,-23.5582424260039,-46.6733332123032
96802211,-23.558409,-46.673124
8547228,-23.558113,-46.673294
38545822,-23.558113,-46.673294
99240201,-22.5889740288305,-47.4229275939178
38411722,-23.5268952506866,-46.8152735595246
38642822,-23.523421,-46.525758
399981222,-23.503632540321,-46.877073682209
38392722,-23.4507930892931,-46.5568478220902
38055522,-23.582934,-46.648697
32812418,-23.5995569100733,-46.6599335803566
38537822,-23.5918197481788,-46.6375222270184
38557822,-23.5921352658338,-46.6370179717236
11915238,-22.8106988756895,-47.2363587439957
38465822,-22.713696,-47.32474
9027229,-23.457085843921,-46.4376939067459
38016522,-23.4571055282969,-46.437715364418
35475621,-23.5452289838876,-46.5891993133011
38115522,-23.5452521917025,-46.5891956699753
7819223,-23.4097532343158,-46.3804700416641
37950422,-23.623596028587,-46.7109513136444
393711022,-23.5400889570249,-46.3473222980614
7772223,-23.707203,-46.564485
34757421,-23.7071469854992,-46.5644164871025
38104522,-23.468139,-46.66819
38117522,-23.5483113603246,-46.6881206908073
368841121,-22.691657,-47.662382
38246622,-22.75264,-47.618459
371361221,-23.5669429802218,-46.8109341742744
39026922,-23.5680446637055,-46.7015052468262
35871721,-23.4896537596401,-46.6181196269836
35872721,-23.5549656468868,-46.6777703974838
37520122,-23.561162727477,-46.5874116844282
38223622,-23.597237776843,-46.7512834490738
2118208,-23.5091290081507,-46.418854433958
37764322,-23.552013,-46.617487
38469822,-23.5056483270547,-46.7143065681229
7640222,-23.534950150238,-46.4514510624962
38872922,-23.56668,-46.476168
30145123,-23.5063827018624,-46.562297953373
30147123,-23.5063407577713,-46.5623559447746
30146123,-23.506369,-46.562294
38252622,-23.57344,-46.449469
34685421,-23.5198501797333,-46.6646084723873
37765322,-23.674939,-46.709139
93622210,-23.6181788622082,-46.477245364418
393601022,-23.6181962396075,-46.4772051312828
39053922,-23.535111,-46.490359
98752212,-23.5776954933083,-46.4404580502624
38341722,-23.552027,-46.554751
38080522,-23.5613481210019,-46.6876187840614
38669822,-22.9734826382864,-47.003800162468
393691022,-23.4685073810031,-46.5909497202377
368131121,-23.5249622056818,-46.6502330674591
38643822,-22.737807,-47.347294
394301022,-22.8356763106646,-47.2182057221985
30799323,-22.8390282769326,-47.2164247354126
38047522,-22.8968790191721,-47.2192908968201
38576822,-23.581765315469,-46.5559469054184
7639222,-23.6677474229723,-46.7228979669342
30181123,-22.7124301436221,-47.6446973263893
38650822,-22.8905116963824,-47.0528738220901
394791022,-23.6118772662628,-46.7282806111145
34782421,-23.5541488217141,-46.6757595681229
349781118,-23.5810543986054,-46.5629680582664
38417722,-23.5669235443915,-46.7967343624573
365651021,-23.534349,-46.670213
38068522,-23.493791598629,-46.6936679828033
38821922,-23.572626,-46.712409
38188622,-23.5786917708622,-46.5848524809856
384711119,-23.3821470850273,-46.7108502853333
6051218,-22.9514133852343,-47.1170639338684
70792112,-23.5181927919717,-46.7144024883893
88532172,-23.5856922007927,-46.9289969442107
38403722,-23.508207,-46.674266
38265622,-23.5573263470555,-46.7660749153442
7514221,-23.6049603846168,-46.5083506441803
38970922,-23.6134242927322,-46.4830123411045
37654222,-23.522231,-46.608764
35473621,-23.62931,-46.690107
393241022,-23.57057,-46.704246
39938220,-23.630809,-46.732551
6275219,-22.9527151793164,-47.1082885138779
7780223,-22.952764576317,-47.1083797089844
37939422,-23.5511798143997,-46.6811318613272
9030229,-23.5512551321654,-46.6812084748688
363951021,-23.533111,-46.436995
392181022,-23.514011,-46.704552
30781323,-23.506249,-46.288667
38247622,-23.610735,-46.723222
371311221,-23.6451329826391,-46.5592420132141
38673822,-22.9801170439619,-46.9850333834534
38458822,-23.5104419707691,-46.3498391901436
31112523,-23.5850166120545,-46.6387866908074
38969922,-22.8752777854566,-47.0238101765823
38216622,-23.590051,-46.669926
37715322,-23.6229393336726,-46.6372233150379
38060522,-23.6010669396468,-46.665002635582
8625228,-23.601078,-46.665008
38524822,-23.4876885145212,-46.7259391828728
30627223,-23.545109,-46.69221
392691022,-23.605803,-46.627753
34785421,-23.581152,-46.635407
37988522,-22.9233852560363,-47.121322020546
30903423,-23.5308269341692,-46.523096728836
30057123,-23.5661412489377,-46.6139070932541
394121022,-23.570742,-46.216145
394171022,-23.5569665329594,-46.7840524576721
38388722,-23.4929487283746,-46.6054541140861
368701121,-23.581577,-46.311536
38404722,-22.9481969742343,-47.0393406969147
38421722,-23.5429416848464,-46.7806558055602
38708922,-22.8498470933022,-47.0482410932541
37541122,-23.6396379521871,-46.5300189214611
398511222,-22.8632806471484,-47.2058533993835
398531222,-22.864457,-47.20249
38906922,-23.6811848254099,-46.6031332944775
333901215,-23.668537172971,-46.5642203957008
30411223,-23.642396,-46.521902
37056819,-23.5610947174685,-46.6627721488476
39042922,-23.5274720533693,-46.7335313380461
30296123,-23.642138,-46.541972
397851222,-23.563122,-46.679703
397791122,-23.5283268174088,-46.7002467930069
35840721,-23.6017694795536,-46.5875189722418
38127522,-23.5252385407246,-46.5419729766865
397901222,-23.5976708316805,-46.6500696908073
326941020,-23.545717,-46.690277
394461022,-23.5379051583316,-46.6721397999306
38955922,-22.891851887006,-47.052979565815
37956422,-23.5465910346122,-46.6912901312828
37768322,-23.540186,-46.635185
3456420,-23.5831360802423,-46.6343889447746
3462420,-23.5876766,-46.6394825
38070522,-23.5985640282737,-46.6791686871719
37809322,-23.4433210947963,-46.5427968862
38413722,-23.554566,-46.744603
38820922,-22.849019,-47.052273
38035522,-23.5844295113339,-46.4187605130711
394401022,-23.6137671364387,-46.869162684967
38420722,-23.5332281164604,-46.7868525975533
38386722,-23.51013,-46.593305
37931422,-23.538251,-46.686705
392701022,-23.6314502544838,-46.5360589021302
399961222,-23.5346945800716,-46.501634343586
394861022,-22.8488165478966,-47.0476928931846
37736322,-22.9159135895726,-47.0400520343933
37310122,-23.534888,-46.707006
37941422,-23.6552830045749,-46.5543448492127
34767421,-23.5992777707806,-46.6196899497376
7847223,-23.599292,-46.619654
327841120,-23.5960691232058,-46.7925859674225
371981221,-23.5063616102463,-46.7245984404754
371961221,-23.5062938794193,-46.7245984404755
7355221,-23.533227,-46.563715
37708322,-23.590924,-46.73245
30161123,-22.7100524722231,-47.6842973961563
38326722,-23.533969181985,-46.5602649361763
35614721,-23.5780369276899,-46.6726688457067
38009522,-22.92807,-47.16436
35472621,-23.5818874150245,-46.5530107754631
7745223,-22.9382342240438,-47.1412062516174
397781122,-23.649763,-46.53357
37926422,-23.4757826269897,-46.6117591398811
366431121,-23.54576,-46.394513
38636822,-22.895476,-47.054102
37543122,-23.5707167078762,-46.6952421312828
38061522,-23.6020517835971,-46.6805635411739
37431122,-23.5751246678531,-46.7375617116394
327771120,-23.617668,-46.751837
397731122,-23.4805207038569,-46.656954057373
38410722,-23.67489,-46.696418
66042110,-23.513945,-46.69723
66912111,-23.512686,-46.605102
30815323,-23.59759,-46.52378
30859323,-23.500193,-46.291357
38409722,-23.680529,-46.706345
394661022,-23.568149,-46.852725
4612214,-23.5117427431212,-46.8067945079346
398831222,-23.6196900908578,-46.7646209963646
30039123,-23.560055,-46.334747
37646919,-23.6114541431521,-46.955076509787
368371121,-23.6486795888931,-46.7321694196434
30333123,-23.5997508018602,-46.5240848220901
39025922,-23.5621235919405,-46.6844082729827
38687822,-23.6500160924344,-46.6668055276127
37787322,-23.485446,-46.550044
37581222,-23.4939889268212,-46.6855635803566
10413232,-23.3361273787935,-46.836006682209
398651222,-23.5933406234879,-46.6485345034828
30586223,-23.5971119554343,-46.4746927116394
39445120,-23.6763930877775,-46.6292221915405
399341222,-23.3062874982046,-46.6999295092621
392591022,-23.54157,-46.731463
30245123,-23.5094402195103,-46.3462865462494
38228622,-23.528926,-46.963474
394741022,-23.6784175903654,-46.5577113544922
37615222,-22.7592370412953,-47.6062013386231
30095123,-23.605291,-46.636119
392711022,-23.5339730824623,-46.5838697937012
37793322,-23.5534047127911,-46.8389724785042
30509223,-23.5061685275984,-46.6798208931847
394141022,-23.562429,-46.790092
38588822,-22.7499246979515,-47.3302762420807
394631022,-23.5873166131345,-46.5880492294998
37724322,-23.543698,-46.599224
38682822,-23.491382,-46.694758
5556216,-23.510717,-46.553966
38676822,-23.602941,-46.615311
7479221,-23.6817979407775,-46.7046394957008
38040522,-23.5316900010569,-46.6572927202377
38036522,-23.5145024342624,-46.5910871631947
95142211,-23.4755093357317,-46.6719977252007
38385722,-23.582224,-46.578132
367241121,-23.48292,-46.601288
397621122,-23.541647,-46.405853
394651022,-23.4863257199717,-46.5522121226845
38339722,-23.674525,-46.506899
37173819,-23.5940891753936,-46.6213115677238
38814922,-23.600185,-46.680793
38819922,-23.530925,-46.683088
35682721,-23.5516547698244,-46.6795245853138
31273623,-23.6245088928527,-46.634127025795
34751421,-22.9046838565455,-47.049124420251
394521022,-23.5417633130937,-46.5745010846558
37991522,-23.5876580616818,-46.7234662394257
366371121,-23.6463261726105,-46.5587994742034
38191622,-23.611919,-46.574755
30288123,-23.661682,-46.528128
30290123,-23.533711,-46.65387
34830421,-23.5862966781245,-46.6808890951729
11876238,-23.581458,-46.680461
34047221,-23.581734549881,-46.6803358196087
37686222,-23.5418591824833,-46.6866881865082
34779421,-23.563867,-46.691669
371101221,-22.8810844234228,-47.173097142189
30271123,-23.71575,-46.417101
372871221,-23.505661,-46.86533
328171120,-23.637025,-46.695626
35590621,-23.6325404105164,-46.8031566233482
38033522,-23.5693521805577,-46.4252335925903
35588621,-23.5332401321349,-46.7858950171967
31632720,-23.6456068439242,-46.5508250065506
4799214,-23.5972580845754,-46.4732994834061
35410621,-23.6872369368122,-46.5593902539673
35603721,-22.901258,-47.04862
366781121,-23.5438057667584,-46.6042908981476
3249320,-23.6131733076607,-46.6728795105363
384691119,-23.3460089743326,-46.7420373544922
35795721,-23.6415800016526,-46.7682434355125
34837421,-22.8875068947203,-47.065785902068
35005521,-23.626695,-46.506035
37695322,-23.629191,-46.910929
34775421,-23.5243635220362,-46.690693682209
367281121,-23.489317,-46.634142
38111522,-22.899321,-47.057017
367261121,-23.5776249297872,-46.6423249003763
367321121,-23.5626830762677,-46.7508241165676
369091121,-22.8861665775905,-46.9828946290026
6266219,-23.6446869181276,-46.6124807539978
6267219,-23.6445689802448,-46.612523669342
36265921,-23.6447020331896,-46.6124681229706
8159226,-23.722701,-46.59161
368711121,-23.672543,-46.845556
34885421,-23.553382,-46.550386
35642721,-23.560524,-46.616068
35617721,-23.627020488451,-46.7442587202377
34831421,-23.6251202018385,-46.6440226006117
35035521,-23.5362186517292,-46.7160066908073
37792322,-22.9888159956819,-46.9955003816147
35800721,-23.551306,-46.659497
35935821,-23.6218561978398,-46.6903209031105
36315921,-23.446525,-46.54459
330161120,-23.540212,-46.776514
35576621,-23.5600823888339,-46.5618691951065
31357620,-23.4831474828581,-46.6071511805058
38006522,-22.889997,-47.049527
35692721,-23.6128010426562,-46.6770584404754
34733421,-23.613584,-46.635868
371321221,-23.5301598648049,-46.7947306153269
369561121,-22.5704934184369,-47.4467128928985
333631220,-23.6071924956052,-46.5722976527786
392891022,-23.546692,-46.457679
39980320,-23.6937834947883,-46.630076635582
31412011,-23.538869,-46.942555
369501121,-22.84707,-47.239131
37704322,-23.633347,-46.949994
33964718,-23.546921269995,-46.6490766305329
34820421,-23.544428,-46.648245
34715421,-23.5313708057409,-46.6550692711639
368331121,-23.538314,-46.646171
35562621,-23.49001,-46.64378
368591121,-23.5851386072614,-46.6797033263893
365901021,-23.4923980321794,-46.8838643877315
37917422,-23.526992,-46.766346
30223123,-23.601488,-46.612179
35530621,-23.4874720364063,-46.7264058872414
35671721,-23.546778,-46.686978
35087521,-23.614538505456,-46.6704897948725
5575216,-23.6145860753466,-46.6705175429354
3302320,-23.6003212,-46.6601349
367981121,-23.529407,-46.674024
37821919,-23.6030482522035,-46.6093816106999
35802721,-23.6030553251116,-46.609565754631
372901221,-22.765939,-47.159918
328141120,-23.6241691676389,-46.6787384638662
37318122,-23.651706,-46.665807046627
366751121,-23.518586,-46.715838
364761021,-22.9494569110127,-47.0609506349487
367351121,-23.559436949425,-46.7642184517899
37688222,-23.683537340069,-46.5605310429916
34796421,-23.5621974596268,-46.6927660948176
36219921,-23.5862619074836,-46.6703327635036
37922422,-23.518314,-46.770957
367371121,-23.5383558495407,-46.748960806221
367171121,-23.55512,-46.611592
38082522,-22.7806349183334,-47.1365310820007
35552621,-23.523841,-46.521458
35553621,-23.625227,-46.642007
35064521,-22.9335184545666,-47.0131802645454
32186915,-22.925271,-47.071551
371331221,-23.639961,-46.542785
38124522,-23.5360416388035,-46.5335063325062
36289419,-23.4867722342468,-46.483009297852
37529122,-23.5298663828558,-46.6823833766518
36178821,-23.6548642573134,-46.6060191322632
31014520,-23.5359166775668,-46.5802478183853
35807319,-23.5249152251495,-46.4039017958191
96564195,-23.5373887895932,-46.7858377681229
33576121,-23.6911924413226,-46.6865863399506
34050221,-23.6552332589604,-46.6056091263199
369041114,-23.5434474363945,-46.647542445998
34664421,-23.587209,-46.632397
368561121,-23.564311,-46.696387
36154821,-23.6042650517547,-46.6770228687172
31008520,-23.5479431729032,-46.6232215974144
35316521,-23.6443592521513,-46.7454874957008
34610421,-23.583556,-46.561699
370991221,-23.506435,-46.873394
35595721,-23.5665421030506,-46.6879893572105
69362111,-23.4668090251185,-46.8543713227539
36245921,-23.5724534979049,-46.8511356441803
38138622,-23.492792,-46.621802
38999120,-23.5131603172622,-46.8558570693115
330081120,-22.9043641576337,-47.048079620327
328441120,-22.738112,-47.348826
34743421,-23.564096,-46.679565
3339320,-23.5797583092201,-46.6346529729134
367541121,-23.621632164389,-46.6859718687172
36184821,-23.606293,-46.639102
366281121,-23.5345012313147,-46.675494399964
31664720,-23.713298,-46.558656
34719421,-23.632348,-46.692656
34720421,-23.632226,-46.692887
34930521,-23.531058,-46.498981
30374223,-23.623471,-46.551237
366481121,-23.5834994674952,-46.5623407962952
31432011,-23.5377310664963,-46.4304713091926
33625121,-23.4864387231536,-46.5537114404755
329911120,-23.6338078736124,-46.9405483936844
34773421,-23.6066706054824,-46.6391602184201
367631121,-23.534355,-46.703372
34774421,-23.5227878412478,-46.6682006455078
5247215,-23.5226304445951,-46.6681362724915
35605721,-23.548376405853,-46.6456100393002
35803721,-23.5410278712124,-46.6738476134224
366501121,-23.5755895001016,-46.4113885079346
326331020,-23.5392730580086,-46.5789065889549
35123521,-23.6046899039185,-46.4670892209015
36945819,-22.7584110712929,-47.6485283802872
39627220,-23.5961965065099,-46.6906064187163
6191219,-23.5962396675699,-46.6905237116394
368391121,-23.5548043302203,-46.4470511521149
372231221,-23.617938,-46.6728009533729
34921521,-23.5225676458423,-46.6651921054878
34922521,-23.4434287791826,-46.5439125803566
366471121,-23.6294809821682,-46.5990127681923
36207419,-22.8113648067701,-47.1733225368576
372961221,-22.890552,-47.230095
38028522,-23.4118136295384,-46.8357578650818
37719322,-23.4779354834629,-46.5383984764964
4623214,-23.5933438495235,-46.6217667645569
36134821,-23.5948278508749,-46.61880177056
366711121,-23.5736313957042,-46.70994
4411213,-23.568833,-46.511825
366621121,-23.6063524677635,-46.6595464527092
34672421,-23.533477,-46.528105
34697421,-23.5464672761897,-46.6878855423279
34770421,-23.61951,-46.639848
36179821,-23.4874630405156,-46.7262524735413
368081121,-23.644884098783,-46.7091650377663
366941121,-23.6658823769946,-46.704971364418
35650721,-23.5947303832779,-46.5252724298462
35635516,-23.6137984655344,-46.679320072422
34826421,-23.574042,-46.643527
39909220,-23.562526081568,-46.6801792401298
34940521,-23.579158,-46.642458
371071221,-22.87287,-47.212405
311401117,-23.5481827271079,-46.6919641042363
35057521,-22.905118,-47.04246
34735421,-23.618955,-46.63613
394781022,-23.3734165946484,-46.701883025795
34444321,-23.6347052403703,-46.7402990185242
34388321,-23.4739579830285,-46.6311445190144
34569321,-23.571963,-46.638181
34574321,-23.620026258704,-46.676433333356
32485214,-23.5589615064225,-46.6526556650471
372191221,-23.5869899107198,-46.6302935459633
34572321,-23.6265065742229,-46.6884913349876
33599121,-23.603754,-46.616582
34571321,-23.597122,-46.640192
35534621,-23.6667177142323,-46.5431271373943
37415122,-23.5826470037284,-46.6810795053596
31127620,-23.616341254825,-46.6890910055901
34621421,-23.5931625449493,-46.6213429755326
6124218,-23.506644,-46.704552
36118821,-23.5066814552012,-46.7045208925748
367131121,-23.5711611054621,-46.6995827435513
35544621,-23.5710934989895,-46.6996109067459
35974319,-23.4878333583744,-46.6387279595245
34778421,-23.5300389593439,-46.6815444110451
366381121,-23.6456049140419,-46.7037001226845
366191121,-23.532117346356,-46.5692006650123
34840421,-23.613364,-46.672735
34836421,-23.613507,-46.672395
34771421,-23.648336,-46.671106
34762421,-23.5534705180465,-46.6753803734364
30651323,-22.894995,-47.009081
30527223,-23.653215924454,-46.6604499680882
33573121,-22.9211406690714,-47.1172820993805
3746520,-22.8657331444271,-47.1754721138001
36159821,-22.9208738627436,-47.1167993017578
366931121,-23.4881681703426,-46.6125469766865
32455318,-23.5347068982401,-46.5370745791332
35677721,-23.5779303091855,-46.6584611232329
63882110,-23.5809639000835,-46.6408809570084
34668421,-23.581158,-46.641184
3407420,-23.6508181243512,-46.7032068477124
35563621,-22.899193,-47.052182
367431121,-23.567416,-46.685968
34662421,-23.5532230967782,-46.6816355241077
34783421,-23.581967,-46.634613
35560621,-23.6083855221391,-46.5999398478851
34780421,-23.5996939469534,-46.6623652221791
369841121,-23.5995037976027,-46.6616845791305
6214219,-23.5545303019248,-46.2003919312134
6215219,-23.5545106321011,-46.2005206772461
36213921,-23.5546138986427,-46.2003812023773
36274921,-23.586892,-46.613689
37345122,-23.585361,-46.601038
333501220,-23.4892207167748,-46.6188848882789
366251121,-23.527633763871,-46.8575765925903
37472122,-23.649074,-46.786495
35314521,-23.5840650827622,-46.7174638849945
35678721,-23.6134913622197,-46.6752253003597
34843421,-23.6153292751107,-46.6714144871025
5437216,-23.6152629059035,-46.6714453276093
34717421,-23.6604167544812,-46.6950290613422
34718421,-23.5424450149047,-46.6466672895145
29372011,-23.6498219525298,-46.7208915912628
393011022,-23.499096,-46.43807
371461221,-23.644607,-46.550124
37966422,-23.5410204745256,-46.6783374993362
363921021,-23.582891,-46.666953
368251121,-23.479729,-46.610395
33534121,-23.6039974758562,-46.6581319619713
34426918,-23.5559286255675,-46.6809666631947
36112419,-23.554970610846,-46.8275406644181
365741021,-23.5440050339836,-46.6025499533729
333821220,-23.6841277096729,-46.6032822037048
34808421,-23.656333,-46.649141
33828718,-23.4803777,-46.7014967
35546621,-23.66537905227,-46.6098009556808
35680721,-23.4952579885855,-46.6908329434471
368381121,-23.5832280168532,-46.6360635423279
36130821,-23.6237338196502,-46.6875936183853
326541020,-23.632165346392,-46.6927364232788
366831121,-23.5323634203634,-46.5090640846558
330101120,-23.537509,-46.781949
37797322,-22.9570219379625,-46.9936866137696
365621021,-23.5130362936093,-46.7060961805404
35315521,-23.5346652771224,-46.3979670294304
34732421,-23.6171882299605,-46.673052627964
368221121,-23.434387863772,-46.4014268042603
366241121,-23.5611155061999,-46.6756123730164
36211921,-23.4843682379158,-46.1484885925903
34665421,-23.5546258221684,-46.5899290846558
372131221,-23.6226628244098,-46.6868678895492
365871021,-23.5853133310914,-46.6402317901783
30854323,-23.5617129590683,-46.541364714324
37630222,-23.589424,-46.598819
37313122,-23.581469,-46.666189
369061121,-22.902439,-47.074532
36152821,-22.90378,-47.04604
366171121,-23.600311084259,-46.6143239067459
6158218,-23.5946956638077,-46.6185441349182
31456715,-23.5204087586426,-46.6761812280275
36180821,-23.4916923175265,-46.6936562927857
366221121,-23.5428515769392,-46.5532240233135
96892211,-23.5427347769424,-46.5525333544922
370091121,-23.6872002757385,-46.6284805367754
38479822,-23.515027,-46.778858
34812421,-23.5593752015015,-46.568744416008
37788322,-23.5270280912154,-46.8583866491432
35003521,-22.904301,-47.049178
34810421,-23.5434611446096,-46.6839035031452
34314321,-23.4869701994096,-46.7257809325409
35659721,-23.552671,-46.660581
38164622,-23.53361,-46.676702
368451121,-23.53361,-46.676702
35604721,-23.6683363289284,-46.6783545529393
34980521,-23.544339,-46.7757109386578
34874421,-23.622258,-46.641689
35320119,-23.5426635997084,-46.5923428601188
36780719,-23.4900858829879,-46.3914557203071
3154320,-23.4883603340201,-46.6140580380287
34425321,-23.5709661300125,-46.8120607368011
35962821,-23.5626025505606,-46.6719677361586
364781021,-22.893454,-47.046164
34928521,-23.6012649044873,-46.6157903860849
35585621,-23.6710486038618,-46.6884878968201
367151121,-23.5137756481726,-46.589458
36951916,-23.4833834991521,-46.6719748294304
37918422,-23.5451032602813,-46.4540794196434
37927422,-23.64345,-46.741378
36271921,-23.5531424869521,-46.5912209386578
36107821,-23.4874751205629,-46.7396574490738
34790421,-23.490915,-46.724418
34794421,-23.627182,-46.607714
35462621,-23.6417703152437,-46.7436550932541
37929422,-23.605500577735,-46.7380367141209
31742011,-23.5604435524914,-46.6088387116394
36273921,-23.600033,-46.659784
37804322,-22.841955,-47.22136
34194321,-23.6327400361162,-46.5455448201227
36272921,-23.5571256419213,-46.4839548429222
37621222,-23.5829521772544,-46.4500579669342
988251912,-23.5830505050484,-46.4498863055572
35570621,-23.5346782373041,-46.4916639914017
351871218,-23.5372523636885,-46.5561128976227
35073521,-22.899484,-47.050814
34620421,-23.541268,-46.774543
33978714,-23.5353974346865,-46.6767746738179
38637822,-22.8266,-47.265128
36162821,-23.6231620190291,-46.683987728688
366351121,-23.5731441782827,-46.7109480658455
35621721,-23.601539,-46.645795
34961521,-23.5257782667838,-46.6851705276127
36135821,-23.6116477646407,-46.6672496478157
371711221,-23.6056617551637,-46.8338276627045
3204320,-23.5587907901048,-46.57159496316
34651421,-23.62915,-46.743481
372411221,-23.6910369837348,-46.540212953373
37323122,-23.544596,-46.293738
329931120,-23.584558429322,-46.9127536493682
89125173,-23.6203277475165,-46.7436214164246
35881721,-23.546996,-46.592944
37791322,-22.9630961964744,-46.998472025795
36216921,-23.487229246409,-46.1460042711639
34817421,-23.5998774930219,-46.6175042972497
369081121,-23.531977,-46.677906
371351221,-23.645315,-46.538473
8542228,-23.5306086959951,-46.8713841585418
35880721,-23.534944,-46.534053
366771121,-23.5116570417309,-46.5816983558197
37298122,-23.56791,-46.686115
35844721,-23.589228,-46.637179
39770220,-23.7194311124566,-46.538677472422
31125620,-23.5939146977217,-46.6173377956046
371261221,-23.534965,-46.783524
35089521,-23.588922,-46.632398
34700421,-23.6265206927896,-46.6903901693115
37027819,-23.4875108650023,-46.6976772787264
364391021,-23.56687,-46.687771
34901521,-23.5656806003674,-46.6589040785389
394320,-23.565848,-46.656038
31806820,-22.9116311766013,-47.0594889755325
35533621,-23.4664125699364,-46.5411828048935
36196921,-23.5538354267503,-46.6558279678109
37372122,-23.525006,-46.523068
4564213,-22.9180705977145,-47.1080600846557
37625222,-22.739945,-47.635243
372721221,-22.735342,-47.338272
365861021,-23.5886171687217,-46.635221
35053521,-22.8461117386973,-47.051360974205
368011121,-23.583033,-46.672445
36129821,-23.5359145409241,-46.6754531398811
327541120,-23.6281124900309,-46.6888862784033
367231121,-23.6171397888929,-46.6813087399158
37630919,-23.6050990399018,-46.6609664576721
35597721,-23.611752,-46.665551
35639721,-23.604541,-46.678613
371821221,-22.764632,-47.344426
35672721,-23.6017391203388,-46.6386550815973
35526621,-23.5989133868928,-46.6165865239773
38132522,-23.533121,-46.512784
327881120,-23.484392,-46.697407
36434519,-23.5785872158897,-46.672792646627
34684421,-23.587127972791,-46.4940685767212
38569822,-23.5983195239934,-46.6712381951065
34186321,-23.7292192871793,-46.5606575423279
5897217,-23.72918,-46.560679
38635822,-22.7558040931981,-47.1504982546005
3865520,-23.5478863,-46.7942546
386591119,-23.5869399265879,-46.6708788353043
365791021,-22.8107602430948,-47.2364059233094
39043120,-23.6548679918254,-46.6055117293703
37620222,-23.4097640911064,-46.3805908599955
4530213,-23.6234728521395,-46.7105339511261
95707192,-22.6042253254195,-47.4236739852154
34286818,-23.5608454084729,-46.6278014398117
34865421,-23.468139,-46.66819
32582920,-22.7030724623617,-47.6868264259338
368181121,-23.4931515100793,-46.6201992113838
30225123,-23.4926675577274,-46.615371493393
39628220,-23.572188,-46.661273
327561120,-23.595991,-46.623234
5946218,-23.595991,-46.623234
35760721,-23.4825262622808,-46.6007455889549
35762721,-23.4809231969377,-46.6129675595245
3850520,-23.458855380661,-46.7398238857056
34692421,-23.5483521180851,-46.6215816806537
34687421,-23.543709,-46.59763
35985821,-23.6616531822583,-46.7212759927292
33727221,-23.5667983705475,-46.6180958392868
33729221,-23.666280255171,-46.6538183042298
368881121,-23.5654901176496,-46.6178739533729
68892111,-23.5651683271044,-46.6176774576721
36258921,-22.89038,-47.230108
38610822,-22.8119855081191,-47.2589028900604
368931121,-23.5813892372925,-46.5549268459806
68962111,-23.5815819946817,-46.5548481276474
368991121,-23.6678456871335,-46.7227477632294
366601121,-23.614046780293,-46.6806792539673
34442321,-23.6445769070128,-46.7892113571472
31845823,-23.595201597314,-46.6790352367706
35586621,-22.8869982316128,-47.0641629239426
4325213,-23.5888710135362,-46.6783374540907
34707421,-23.5411997751922,-46.678054390213
35592721,-23.615304,-46.639856
366231121,-23.611155,-46.675721
350791218,-23.4510428439094,-46.5580379675674
35641721,-23.538615,-46.672458
39320,-23.5691387411765,-46.7131149423279
37746322,-23.6037916034316,-46.605487974205
367731121,-23.5705208718833,-46.5865900380287
367641121,-23.536128,-46.57628
365661021,-23.6493204901366,-46.6689582711639
37352122,-23.5721707563133,-46.6932974110451
36151821,-23.5761635871734,-46.5859402554436
394811022,-23.56636,-46.553839
34788421,-23.5247389772964,-46.6903071779098
369341121,-23.4127743090241,-46.3951169226151
34609421,-22.9513738672406,-47.1170317473602
38608822,-22.553817,-47.436783
33580121,-23.5105075079501,-46.3420316797276
34673421,-23.518217,-46.714793
38459822,-23.511436,-46.344121
365831021,-22.9504276800532,-47.0754074441109
65722110,-23.510214,-46.157027
30450223,-23.4296899875081,-46.8654945165329
36306921,-23.604911,-46.508498
38408722,-22.898914,-47.0309
36255921,-22.7455617755301,-47.1837081388588
33855718,-23.6132054916045,-46.4829734490738
39164120,-22.5544655222937,-47.4382502828033
330511120,-23.4499725834556,-46.563033229847
330771120,-23.558128926708,-46.3321274476633
31658118,-22.9527793954137,-47.1084226243286
38616822,-22.810476401777,-47.2907583472214
35090521,-23.669804,-46.525479
367811121,-23.5713999423422,-46.5636437055225
36217921,-23.5795318348127,-46.7836201732941
35060521,-22.9311330712341,-47.0603774490737
35408621,-23.5045849077428,-46.2905632301331
34839421,-23.6197013913245,-46.7595803472214
31718118,-23.5597780021641,-46.6986394892746
37919422,-23.5284003689766,-46.77151418853
37309122,-23.589319155411,-46.7737907288361
35529621,-23.4777182650608,-46.6055917840614
38126522,-23.5284693596961,-46.5177709386578
33946116,-23.5073834149832,-46.7384080540367
34988521,-22.9475170583335,-47.0528373809204
35667721,-23.5483964272724,-46.6562519545269
37694322,-22.856038,-46.974851
35890721,-23.6900392879156,-46.6686956283112
34669421,-23.6474204309186,-46.7053547647982
34568321,-23.52468,-46.657953
37324122,-23.55801,-46.331989
35049521,-22.901207,-47.050622
326241020,-23.6299457441831,-46.9134682552948
32097820,-23.4196886191793,-46.5007734361458
35361621,-23.647267618411,-46.6628977055225
31347620,-23.488665796842,-46.6314208487235
34201321,-23.657601,-46.536201
391431022,-23.444615,-46.545396
35501621,-23.5121896091523,-46.692979317791
3403420,-23.553958,-46.674779
35638721,-23.5977066525201,-46.619155974205
37700322,-23.601461,-46.615386
35500621,-23.5932241989119,-46.597054364418
34941521,-23.55561,-46.648388
35048521,-22.725629,-47.633023
368431121,-23.576868,-46.813901
4441213,-23.4156684991663,-46.8063458650818
34777421,-23.5840775598887,-46.6420727202377
35938821,-23.5314810580437,-46.6763848599499
35765721,-23.660125,-46.518594
370301221,-23.4965664918132,-46.8454201226845
37343122,-23.5245055992102,-46.8871255337295
36254921,-23.6879404405082,-46.5503040489349
35675721,-23.5412559714707,-46.6967297936348
364401021,-23.632594830248,-46.6222087823868
34827421,-23.6254980836482,-46.6624949067459
36208921,-23.5200653350463,-46.175962927578
35350621,-23.544588,-46.601358
37314122,-23.581136,-46.56148
36201921,-23.5236730540864,-46.6530508356514
38957120,-23.6675593562704,-46.4539212534077
34871421,-23.573989,-46.643196
38114522,-22.8948030785569,-47.040903
367301121,-23.48937,-46.617578
34681421,-23.5724689643771,-46.453509883667
34643421,-22.8479373266726,-47.054281416008
34702421,-23.549912,-46.608662
36192921,-23.5495929176404,-46.7660164662704
34925521,-23.542512,-46.644328
34829421,-23.5283638579231,-46.5300413005943
327591120,-23.5511860447761,-46.6814880552254
364011021,-23.4784870441097,-46.5401598601189
36222419,-23.5978783244398,-46.6705692030411
34876421,-23.5615248435018,-46.5552318687172
38029522,-23.5386622624491,-46.4432399067459
34875421,-23.5616551273521,-46.5564421987419
36447519,-23.575305420683,-46.8494196901783
37660222,-23.722575,-46.574851
34929521,-23.5379408269087,-46.6528019619713
3454420,-23.5721858496166,-46.711633982209
3463420,-23.5979932,-46.6787993
3457420,-23.6076808091757,-46.6671474202377
3459420,-23.5301047489908,-46.6749912742472
35986319,-23.5625184523751,-46.690367871164
370291121,-23.5660653380287,-46.6546942159386
370421221,-23.5659342360176,-46.6546224404755
35458621,-23.548944,-46.624327
366291121,-23.6557149939805,-46.763476832016
35687721,-23.5516435770596,-46.6393585042992
37558222,-23.375927914396,-46.6997740019608
366571121,-23.4770684071243,-46.6929605337296
366541121,-23.4774959643494,-46.6922242367706
367991121,-23.530140438784,-46.6823314490738
37306122,-23.5803391263346,-46.6522176994057
34749421,-22.9160086462443,-47.0400317546311
368631121,-23.530128,-46.836836
35578621,-23.4982831212535,-46.45694078689
37883422,-23.546819,-46.874798
367931121,-23.5058475469845,-46.7246145337295
35813721,-23.5061874586414,-46.7246969047241
7303221,-23.5332171634951,-46.5637257288361
35699721,-23.5887171676492,-46.5808466122684
35674721,-23.5303483775401,-46.5263484110451
37789322,-23.479927,-46.659633
367591121,-23.5343545725335,-46.673052
34652421,-23.5342748722887,-46.6733407116394
37705322,-23.6491042915642,-46.4989863566975
34905521,-23.6774075309921,-46.7575534085636
35596721,-22.9231603305829,-47.1198046283112
39331120,-23.5812080807079,-46.5686792497376
369831121,-23.5666733646931,-46.6526057288361
38627822,-22.585449947363,-47.4286020833282
326931020,-23.560487706919,-46.6736433005943
34541321,-23.533136182566,-46.5335343730164
382611019,-22.9382217604388,-47.1412738220398
372931221,-23.490802,-46.830355
371371221,-23.674201,-46.524882
37591222,-23.5223861392534,-46.4450184761963
35587621,-23.673991,-46.4575
31015520,-23.6510823444025,-46.6717851876969
372111221,-23.6017143009677,-46.6045405889549
34911521,-23.5665999512684,-46.6304987962952
372101221,-22.8996447042732,-47.0486930233135
36307921,-23.6194190829468,-46.6810908134918
366851121,-23.4955024479058,-46.6865108236008
34736421,-23.6805927854645,-46.6404421779099
35608721,-23.513945,-46.69723
66012110,-23.513945,-46.69723
35846721,-23.5127130546064,-46.6051529619713
35084521,-23.4765107342851,-46.6413050932541
39749220,-23.609858504293,-46.4276216904907
327861120,-23.557231808742,-46.6904491300059
366951121,-23.6667088083896,-46.5307150552254
370361221,-23.5303756448904,-46.4994752245369
364201021,-23.5724823939984,-46.7057370588608
37706322,-23.5797622120573,-46.3117146784844
35091521,-23.6698708929384,-46.5286189828034
365911021,-23.003779,-47.131533
34761421,-23.600649,-46.660218
3802520,-23.5117861445431,-46.8066302420807
34913521,-23.6197755610944,-46.7646528650818
35006521,-23.6671982287352,-46.5027976337407
35767721,-23.667191,-46.502557
365081021,-23.6028448634447,-46.6626659047368
31123620,-23.6244309278002,-46.6822215850317
35072521,-23.691785,-47.026712
37692322,-23.6188907566534,-46.8474516548592
37905422,-22.754152,-47.355818
367081121,-23.596660551949,-46.4744455410004
36308921,-23.5744340838273,-46.5314587976227
37690222,-23.683175,-46.563931
34737421,-22.7794,-47.636817
35561621,-23.5246752445001,-46.6563538492126
35589621,-23.4014961559846,-46.7523526441803
36278921,-23.5964875141107,-46.6835762858791
35527621,-23.5615945915018,-46.6952854267743
31210620,-23.5714631,-46.6968901
35796721,-23.5308565684763,-46.6851950644007
368191121,-23.6313628743751,-46.6397589791679
37527122,-23.5762317505325,-46.4138961448441
365851021,-23.6193850652955,-46.4924160613422
34374321,-23.5586555680242,-46.4451472349841
29382011,-23.500861805395,-46.2956499814758
36256921,-22.741247,-47.618694
364441021,-23.5454235544379,-46.5932851951065
366871121,-23.5497758356712,-46.4761738492127
34862421,-23.513091,-46.698211
366311121,-23.5859273536843,-46.5835911865082
34942521,-23.6586287209003,-46.6640928293609
35555621,-23.5105448316182,-46.5539820932541
366581121,-23.5428358755753,-46.6002018306885
366331121,-23.6578985928202,-46.6648040171967
36155821,-23.6382234347341,-46.7162138415947
36157821,-23.6818111180202,-46.7047107463798
366321121,-23.4753332183136,-46.6724451031799
366421121,-23.5925962519101,-46.7927910171966
35542621,-23.5453797196755,-46.4224483189545
37301122,-23.596348,-46.670178
31812820,-23.537064,-46.719342
34185321,-23.573772832656,-46.708571489584
327661120,-23.534559,-46.670615
327651120,-23.523409,-46.699248
34585421,-23.4768071415766,-46.7434890674592
366591121,-23.624736,-46.689096
36143821,-23.6027715183504,-46.6035203214264
6351219,-23.60286,-46.60381
33589121,-23.4712602546319,-46.5969545631599
365631021,-23.6011833602373,-46.6485874196434
34049221,-23.6201850062346,-46.6979468478851
36506519,-23.534749231426,-46.6518650245369
34583421,-23.6433030147206,-46.7491801693115
35358621,-23.624585,-46.638378
35531621,-23.5261892444548,-46.4894812589302
35642219,-23.5602913049301,-46.6752236628557
35670219,-23.5602087751428,-46.6751898613595
326911020,-23.4559715490709,-46.6468576650124
35804721,-23.5712010211187,-46.6191354854278
327061020,-23.53261758987,-46.6777046389137
39257120,-23.6247008,-46.6866064
371431221,-23.64614,-46.544154
31759820,-23.5941403646033,-46.4787846008415
33617121,-23.57849,-46.442522
37608919,-23.6266949,-46.506035
34678421,-23.5789905953068,-46.6339485612399
33630121,-23.6723682880482,-46.4539182969589
39781220,-23.5869407301726,-46.6383799161315
31059715,-22.8838048034124,-47.05199670531
385131119,-23.6135157,-46.6662492
34622421,-23.533951786213,-46.7846276650124
39733220,-23.6005114,-46.6534789
327601120,-23.5849850847984,-46.6879838562492
32036218,-23.5959195737212,-46.6756184894104
36431519,-23.682199203744,-46.7048439497113
31667720,-23.6594310284233,-46.8068920787125
325320,-23.4921469101926,-46.8345028315083
31631720,-23.5599,-46.671627
39644220,-23.5614986878961,-46.651225728836
36438519,-23.5729712003381,-46.648574260366
39643220,-23.5512497400205,-46.5890536871372
327161020,-23.6573600163022,-46.5388584697594
31858820,-23.6250369055972,-46.6907910932541
327371120,-23.5713566275455,-46.6956288601189
327081020,-23.617955,-46.673307
31779820,-23.5348855686653,-46.5410605251312
328031120,-23.562588,-46.680475
31387620,-23.5395083438211,-46.9420292870331
32210920,-23.4870753611701,-46.8687190330658
31504620,-23.5428208980263,-46.6903933812535
31646720,-23.5574297305106,-46.4605273055572
34703421,-22.7986322913352,-47.1908035886688
34628421,-23.6010250135466,-46.6583675720612
328001120,-23.624855,-46.690294
39218120,-23.3024416846646,-46.7102124876747
326311020,-23.589813032613,-46.6016166927214
368691121,-23.569316,-46.328797
3491420,-23.518586,-46.715838
39000120,-23.6828651099058,-46.4642600994057
315751217,-23.5879053279783,-46.6829816387314
33225618,-23.6172828987796,-46.9335881574249
38932120,-23.5601499551313,-46.4202083521149
330271120,-23.6602288823446,-46.5362853877316
3377320,-23.5608012457604,-46.6771818956384
39645220,-23.5576427506051,-46.6371298460327
31609720,-22.9337438506869,-47.0127371815453
330431120,-23.3161475523279,-46.7240246111145
32106820,-23.611711,-46.66908
386811219,-23.5237458,-46.4407422
35664219,-23.5398746836993,-46.4811740131298
35027416,-23.5701290579461,-46.7078556226845
330861120,-23.5268980750156,-46.3600262466965
37598222,-23.4598781333292,-46.3761875251312
39507120,-23.5549621907404,-46.8373938374344
34859421,-23.6275402095428,-46.6914545877432
31722720,-23.609092,-46.66913
34660421,-23.6260973094265,-46.6838439585857
32135820,-23.6005562023208,-46.6541881362457
3707420,-23.5459381874945,-46.2997970616086
1843208,-22.9646534668834,-47.1448478895493
31597720,-22.9646568221357,-47.1447919841309
33084518,-23.6933593147575,-46.6094894116564
327311120,-23.521208,-46.617208
31637720,-23.5953673893187,-46.5935807431915
333991220,-23.595227,-46.593598
1776208,-23.512273875814,-46.4317797790985
39841220,-23.5122045093038,-46.4320716398811
327211020,-23.5297027747591,-46.5558378148193
31376620,-23.6399055198821,-46.7403163381478
364731021,-22.9321494045244,-47.0606534049282
34435321,-23.585518383645,-46.5013288895493
330921120,-23.5676879765796,-46.6582716908073
32042820,-23.670633,-46.536624
31246620,-23.5543715095357,-46.6455084625656
380761216,-23.5900490450201,-46.6057527367706
382871019,-23.5425908755822,-46.6435409079346
34917521,-23.6246987119093,-46.6357700121239
38979120,-23.480675108355,-46.6355484681229
388321219,-22.960687725261,-47.067135763385
386601119,-23.5443370184877,-46.6950402648388
35045521,-22.73453,-47.637318
34712421,-23.6513665675166,-46.5391724723873
327411120,-23.5756394585877,-46.5928542724915
350781218,-23.5829287416806,-46.6395238834324
330221120,-23.528012,-46.769534
35646516,-23.6119915263715,-46.6599639809857
33582121,-23.590774,-46.636595
368421121,-23.6275193347049,-46.7037389583359
328621120,-23.4249455961949,-46.3645192797623
32087820,-23.688493,-46.621253
39220120,-22.8898463446628,-47.0538646770368
31616720,-23.5377216697924,-46.4304358564835
33784221,-23.5761936685884,-46.4352526613769
31341620,-23.5054453647208,-46.7021782501948
38639822,-22.7227062879311,-47.1833799891548
31361620,-23.58620636864,-46.53992831707
32448318,-23.5393710591308,-46.5574059771072
31653720,-23.6092431593914,-46.6369131624912
39699220,-23.5000051876614,-46.6723248196434
36667519,-23.4614314906926,-46.5450529256908
97302211,-23.58201,-46.576887
329801120,-23.5537328713176,-46.2541460710945
34896521,-23.616365,-46.683793
386481119,-22.5826594410113,-47.4244103795568
39722220,-23.5871470863638,-46.6315842319466
32094820,-23.4161409025865,-46.4457448253174
31934820,-23.4679843344903,-46.5197475350571
31939820,-23.4679584578786,-46.5186579135518
88392172,-23.5006978322779,-46.7191358439026
88386172,-23.5025379693536,-46.7185806230011
88398172,-23.5020260818202,-46.7181702486572
31767118,-23.5688492,-46.5118542
36104821,-22.901442322277,-47.0359865656414
31636720,-23.5823413299893,-46.5604727619018
32447318,-23.5822719184717,-46.5605135108993
31644720,-23.6573017955357,-46.7378802552948
99234201,-23.5032352324869,-46.3640177989502
327451120,-23.5994130172075,-46.6420901589116
39393120,-23.5395615940753,-46.6730442705798
327461120,-23.601461,-46.611588
327531120,-23.6260725054324,-46.6885316969242
35991319,-23.5646208875255,-46.6811987286815
35415119,-23.5418062641373,-46.6525968074402
33794718,-23.5661871717133,-46.656364638623
326691020,-23.5309411987839,-46.792162635582
33574121,-22.8809013273306,-47.2004060674591
3745520,-22.8633512,-47.1753236
31604720,-22.9204513111037,-47.0815049378509
326951020,-23.5975732607085,-46.6394919627935
32454318,-23.5340687573793,-46.5643526318771
39461120,-23.5984025322554,-46.6682314533729
31200620,-23.6006902,-46.6611742
34657421,-23.576449,-46.636399
31192620,-22.761559334288,-47.6054206033554
31651720,-23.5456205334318,-46.6481231492547
34897316,-23.6489296162358,-46.7216934570084
35302521,-23.6326536837821,-46.640258635582
331311120,-23.6754051392374,-46.5339122348824
33671718,-23.5981108,-46.924544
333741220,-23.6622077148078,-46.7652016008416
326231020,-23.6411008154069,-46.7317930871372
36933916,-23.6123826305296,-46.5998248368401
32412920,-23.635282,-46.71522
327891120,-23.6021680849614,-46.635194635582
327811120,-23.6578015555242,-46.7136337533035
35055521,-22.905586,-47.04187
328821120,-23.4834414821532,-46.8665867521496
332191220,-23.601785,-46.640103
385421119,-22.8978489198704,-47.0511092963299
39702220,-23.5884104445014,-46.674065844481
33583121,-23.5874771854184,-46.642321
32320,-23.5938636269112,-46.7368972073402
332791220,-23.5988569056578,-46.6140423218067
32407920,-23.5309309399469,-46.7320709497376
31126620,-23.6027029040091,-46.6095778595245
988181912,-23.6467957,-46.5800641
327431120,-23.635519,-46.697055
31574720,-23.5870230996931,-46.6299577202377
34278321,-23.6190753659861,-46.7366044981823
327781120,-23.595913,-46.625145
328791120,-23.595425,-46.625825
34977521,-22.5653408689782,-47.4250154318771
39254120,-23.5362716352745,-46.6368445509262
1675207,-22.5701816794189,-47.4463826527786
386551119,-22.5701436189398,-47.4463629838921
329701120,-23.680719,-46.457499
36859719,-23.532468,-46.547767
31572720,-22.896894,-47.062848
367221121,-23.490627,-46.613885
34877421,-23.5539002779052,-46.5399095423279
39402120,-23.6008850707934,-46.6118933660116
328051120,-23.5425569408469,-46.4178493955231
326061015,-23.6985188886178,-46.5404964282417
326251020,-23.4754254933139,-46.6019738886527
36260921,-22.8645075156738,-47.2247042188797
31181620,-23.5744213697951,-46.6563990527786
384101119,-23.579003460588,-46.6150423423279
310320,-23.5965707,-46.7328436
326651020,-23.49785,-46.419601
31352620,-23.5795465894315,-46.560275554657
328221120,-23.4817721546271,-46.6035502797623
33482121,-23.4819924481691,-46.6032835939179
37562919,-23.6676011455492,-46.7272467490127
39780220,-23.5461286208987,-46.6927374593361
37235819,-23.4849945192671,-46.293795864418
39561120,-23.6167782626892,-46.7527987779098
38977120,-23.6047029233196,-46.5085226974838
327321120,-23.5989038659725,-46.6163405072568
3797520,-23.4844875564755,-46.1461085037048
386631219,-23.6832721,-46.4548907
326681020,-23.700336,-46.551003
32821418,-23.5305197471669,-46.8712830543518
39987320,-23.4865595213138,-46.5536267644181
367821121,-23.6005866468944,-46.6319033816147
36767719,-23.5282111707528,-46.5106987075485
37077819,-23.4969437317672,-46.6422190517187
37079819,-23.6484442192072,-46.6439357139512
36805719,-23.5364862233839,-46.4598651282417
326371020,-23.5522977116681,-46.6032390508957
326201020,-23.6780039640791,-46.6574721570778
327631120,-23.5533693252599,-46.660439
31370620,-23.6026516561095,-46.6135425145561
39364120,-23.613010584158,-46.6676961314374
326851020,-23.531230527435,-46.683162617534
31255620,-23.5466672878771,-46.6883288220901
327331120,-23.6074064004893,-46.6704270587176
34413321,-22.9183028228704,-47.1080815423279
328371120,-23.5771144949138,-46.5090163183168
330051120,-22.8823117299349,-47.0501616441803
31176620,-23.6046525045253,-46.6770820024467
327521120,-23.565445,-46.66809
327501120,-23.586733,-46.636225
36426519,-23.5769517844977,-46.6416623544575
385320,-23.6721264,-46.5255223
99244201,-22.5890037461203,-47.4228310343933
328161120,-23.617746,-46.677553
31130620,-23.5540962,-46.6536853
3829520,-23.600086,-46.6990212
39913220,-23.5651137639616,-46.6554108596195
36300419,-23.53304,-46.529054
39728220,-23.5286318762954,-46.7009582042991
328231120,-23.5833759658255,-46.5850957042173
35956616,-23.5832988,-46.5850526
31660720,-23.571677,-46.652904
31758820,-23.6544041538322,-46.6042610925598
3766212,-23.6553623240226,-46.6086867374344
32419920,-23.6235117549388,-46.7106453241424
35837319,-23.5567385953664,-46.3658249570083
35751219,-22.7482249654293,-47.6231639315079
39602120,-23.5523590584459,-46.6999434883606
386521119,-23.7375214811376,-46.540672574205
328391120,-23.4840810173279,-46.610696609787
326221020,-23.4886334702266,-46.6122108368053
37059819,-23.5599424132311,-46.6750067099929
32092012,-23.5975489555065,-46.7534213300247
39175120,-23.6618506880593,-46.7665542
3851520,-23.6429627,-46.7403126
3386320,-23.5299591992283,-46.6835322658734
3823520,-23.6193937414205,-46.7211752626087
31368620,-23.524431,-46.650394
3346320,-23.4357505124448,-46.5828728306885
3574420,-23.5600861077873,-46.4341254100342
329141120,-22.8630729760331,-47.2051078359985
329151120,-22.862183238896,-47.2053438703919
31650720,-22.895301130983,-47.2235647711945
327181020,-23.581201,-46.55554
39056120,-23.6511737610734,-46.7965166166717
31365620,-23.5332830123639,-46.4078827827339
31114523,-23.631183,-46.645204
39498120,-23.5930831,-46.6721263
331531120,-23.5888396674697,-46.678548708954
31652720,-22.8898707649699,-47.2302553888855
34750421,-22.8886035363154,-47.1999052589302
31168620,-23.4813191,-46.6018276
31167620,-23.4809410519197,-46.6014536222555
38910317,-23.5337660880231,-46.5342863607132
33802221,-23.547193298984,-46.8007937926597
39495120,-23.5800227958503,-46.9233461656761
327151020,-23.5418776102505,-46.3738972933236
328901120,-23.512277,-46.860392
99575201,-23.5341459082502,-46.7696669095703
34446321,-23.4138573083475,-46.3955192539673
328731120,-23.4942332117773,-46.8725507179298
3857520,-23.579593,-46.3120069669342
38621822,-22.8214980829807,-47.289971635582
31160620,-23.4911240826275,-46.5660598179688
349061118,-23.4580185682947,-46.9210557275085
31952820,-23.4854952003587,-46.4202127460327
328021120,-23.5887939718645,-46.7737816791458
36942819,-23.5290442328476,-46.3591313362122
36659519,-23.5693323651642,-46.5515203717583
326701020,-23.519456,-46.771261
33627121,-23.5502211306954,-46.3329615436554
383191019,-23.5236232338587,-46.4321124038893
31124620,-23.6033348,-46.6068018
31657720,-23.5489535013814,-46.5627059084377
327441120,-23.5763958932415,-46.6361580122337
34716421,-23.598068,-46.519491
33584121,-23.5890813093717,-46.6468772564488
31810820,-23.5388781929447,-46.6769960846558
331401120,-23.561779118748,-46.6677989486139
36966819,-23.6887274209164,-46.6219200389521
386721219,-23.5925262333018,-46.8802873099701
31505620,-23.5398395299277,-46.7775931020231
34619421,-23.5501295538622,-46.7671003472214
35484621,-23.5704873776042,-46.7082256111145
31169620,-23.5418057949536,-46.5926681155584
32095820,-23.4379275958421,-46.4156343458938
34438321,-23.415530665268,-46.8064531534424
34932521,-23.580891,-46.637064
36268419,-23.5603615439241,-46.668126872396
39401120,-23.5393565,-46.7178312
39346120,-23.5206669296291,-46.3442781023773
35904319,-23.6266071,-46.6899357
36745816,-23.6672536831951,-46.5026219300315
39995320,-23.5314573029577,-46.506619060223
31093520,-23.6155663439036,-46.6709588946205
327911120,-23.5973887885904,-46.6395702420888
34627421,-23.5276279915706,-46.7989304110451
39991320,-23.4714117369212,-46.5967396668648
329071120,-23.5814786115063,-46.9212338455162
382121019,-23.5400699383281,-46.4510329926598
36651519,-23.5583169257364,-46.560968179797
984581911,-23.478673,-46.541442
327741120,-23.4867894972677,-46.6123051753115
35957319,-23.5496493006182,-46.6446531919505
3452420,-23.5509164503427,-46.6383378697754
329811120,-23.5815234960408,-46.780320997345
38996120,-23.5350327412346,-46.6056861472214
36212921,-23.5423960564588,-46.2315046269836
35047521,-22.888295,-47.049389
39915813,-23.6158888231935,-46.6903971209014
31337715,-23.5942573380799,-46.6732691125743
39224120,-23.539527,-46.7749818
32107820,-23.586699,-46.632618
39059713,-23.5545993109545,-46.6863176633045
38928120,-23.5857166659771,-46.5799365109367
39509120,-23.5227555921235,-46.6681253788513
333931220,-23.5225319891692,-46.6682451448441
327341120,-23.6521176293044,-46.7564588809509
39968320,-23.6666215,-46.571858
32039820,-23.625279197669,-46.6863862466965
317320,-23.4840445392932,-46.5913059441803
327981120,-23.6291864945163,-46.6911192012234
33685221,-22.9455056758703,-47.0309062136307
31658720,-23.567856161476,-46.6869820163889
31498620,-23.523895,-46.780843
39633220,-23.5335878261079,-46.5517022950371
31994820,-23.514776,-46.609879
39748220,-23.6099174888774,-46.4276002328185
39746220,-23.6100747809729,-46.4275895039825
3801520,-23.5743704,-46.7083044
330111120,-22.9176255210431,-47.0817003068848
3787520,-22.9204523225512,-47.0813929076034
327961120,-23.557094,-46.597267
331651120,-22.7628185941637,-47.6371217166023
5007215,-23.667191,-46.502557
31569720,-23.5071761912317,-46.6413608687172
36261921,-22.8755558169487,-47.2415464748688
37915919,-23.5377845008521,-46.5364422347818
36983819,-23.6237795028171,-46.5686498705696
31395620,-23.6027568764695,-46.7614706920636
36457519,-23.4889690196698,-46.6087645718277
31649720,-22.914521114806,-47.103061418602
31173620,-23.6909847463214,-46.6872211402283
31354620,-23.50415,-46.693456
31670720,-23.5008664832358,-46.2957622870331
37648919,-23.6067607283982,-47.0087300099952
326621020,-23.4445632547454,-46.7258047632294
39805220,-23.5450428398574,-46.5933133509262
33484121,-23.5509776304189,-46.4717027754631
327131020,-23.5851584978567,-46.5840836269836
39829220,-23.5204309432625,-46.7066260803566
326271020,-23.6708795238351,-46.7176365251312
327141020,-23.523731,-46.694871
31517720,-22.8862328093437,-47.060265850193
31134620,-23.6012069427192,-46.6596403051407
39277120,-23.5512892079213,-46.6147594785736
34653421,-23.559315,-46.644079
35753219,-23.5775333896995,-46.4406708392521
37221819,-22.9629131595482,-47.1328804251312
35284119,-23.488627,-46.6618203
3749520,-22.8642118888032,-47.2115284953195
37548919,-23.6422932558384,-46.5219751746199
36962819,-23.6728190956908,-46.5271663665771
35803319,-23.6000616886598,-46.6109209704307
35886319,-22.7445653427601,-47.3428923821396
37175819,-22.8626411883095,-47.0637492343933
97431198,-22.862740665283,-47.0636526748688
37482819,-22.8097091935592,-47.242576503952
36834719,-23.559709656844,-46.4363278729553
36357419,-23.6151012880602,-46.6408240008176
380731019,-23.6361751341813,-46.5297318940673
99228201,-23.5031417112147,-46.363962068103
36682619,-23.4877389626389,-46.8692040601189
36066319,-23.5554646387117,-46.8048874601188
34131109,-23.5627135929481,-46.5679281949997
95383191,-23.4356917965473,-46.3153290079346
380431019,-23.6153054940947,-46.6835707027613
379881019,-23.6019658145717,-46.6651047085983
349661118,-23.6247733,-46.6896632
37470819,-23.606429951565,-46.5469313952453
34395918,-23.6041255,-46.638779
36550519,-23.6020836,-46.6593413
96552195,-23.602044274597,-46.6598026399506
382301019,-23.6284182615674,-46.6897891321637
32992518,-23.5233603218796,-46.4020785457916
36287419,-23.6889018991888,-46.6870714365234
36931819,-22.9618832407487,-47.0020407438278
31229623,-22.5701965573264,-47.4463990085983
37555919,-23.5530751,-46.6461987
35799319,-23.5448056954075,-46.6486161582708
384831119,-23.6120874412544,-46.6442915337295
39073120,-23.5337807211196,-46.6410646361763
37228819,-23.5472407698761,-46.6913985175535
37337819,-22.8817990526969,-47.1754924105896
35822319,-23.4401674175009,-46.714765817791
350821218,-23.5200117020024,-46.4415237976707
31647720,-23.5284203927443,-46.1920756736107
386291119,-23.6675394264442,-46.8100952266606
36819719,-22.9314541,-47.1829135
327991120,-23.5283687082461,-46.6335660734033
36817719,-22.9323938829829,-47.0124892526397
346721018,-23.5400661186433,-46.4510976128975
35798319,-23.6018918628564,-46.8006399544922
10635233,-23.548952,-46.827785
10636233,-23.548952,-46.827785
36944819,-23.5481840572213,-46.826196461916
983961911,-23.5998804845418,-46.9248551362457
350971218,-23.4588188741972,-46.3761113367706
96831197,-23.6197343865446,-46.9288180393538
36328419,-23.6197231931237,-46.9287295699866
36804719,-22.9863569316678,-47.1407915116394
36636519,-23.6597925119329,-46.6965781513966
381151019,-23.5839774383734,-46.6353856895901
36118616,-23.5926529941559,-46.6317619719385
35919319,-23.655515,-46.6069372
348701118,-23.5609947439237,-46.4840706747299
36760719,-23.5604909389477,-46.484751299005
37142819,-22.9234068693275,-47.1192576576721
35918319,-23.6395932120167,-46.7407159626003
982461910,-23.6396707879244,-46.7402330944427
3709420,-22.8139903,-47.2875212
36451519,-23.641346728994,-46.7364499945816
96728196,-22.8774522676737,-47.2121047911337
36325419,-22.8777803846715,-47.2120770871719
37926919,-23.6113712118733,-46.6361920927311
35796319,-23.535692240303,-46.5339763374344
36719619,-23.6961330040155,-46.6291965214958
34396918,-23.5840428361555,-46.5777492932541
96699196,-23.5840701,-46.5778607
96815197,-23.6754806,-46.6430985
346751018,-23.6753105116771,-46.6429349506013
36465519,-23.5372428582464,-46.5483548821049
39893220,-23.5335632679232,-46.7987895699406
35650516,-23.5811707185938,-46.5635516263893
36433519,-23.6067676503061,-46.6309841477981
37586919,-23.5316655620363,-46.764540261377
39168120,-23.5287333,-46.7704832
39641220,-23.514522813601,-46.8585785441803
62634128,-23.624713744583,-46.7034672073792
35382119,-23.486092287013,-46.6911871853887
34424918,-23.674379,-46.7094299
36301419,-23.5311390296816,-46.4989520127868
32034218,-23.5813742,-46.6774943
35802319,-22.861796749091,-47.1976166748535
36807719,-22.8614459371826,-47.2004855927292
36764719,-23.5595789,-46.5370435
384791119,-23.582017,-46.5769181
36680619,-23.7103617187247,-46.5041562925598
384701119,-23.6163884,-46.6760984
36921819,-23.5348529075826,-46.676711589098
37523819,-23.4283505777234,-46.5409147028076
36635519,-23.6667095813096,-46.5432311190144
37610919,-23.6259422,-46.7306554
326211020,-23.427535,-46.850612
97839199,-23.8309973601773,-46.8205084061516
88356172,-23.5013799165907,-46.7179110820007
350861218,-23.5859235976847,-46.7166966171966
3471420,-22.7375043088615,-47.3461344952862
387041219,-23.5395546424898,-46.4278386019824
385651119,-23.5286781895958,-46.7733304481324
386951219,-23.5741446616118,-46.7089854068059
36487519,-23.6259689278533,-46.6887929889549
35989319,-23.5531966524177,-46.6782293952454
384181119,-23.547222284902,-46.6920109908074
36762719,-23.5375397419651,-46.5304543239425
32930418,-23.5823172873828,-46.634398919574
37742919,-23.5668088036633,-46.5901317054394
37081819,-22.9679684029316,-47.156788110733
37583919,-23.6751870380918,-46.7632686464684
32441318,-23.5662003454364,-46.6954084202378
39967320,-23.5076910979278,-46.7656886962284
383891119,-23.6005048,-46.6627072
382671019,-23.5953994801365,-46.6398508877561
37527819,-23.505960057814,-46.6601938601189
384801119,-23.6997493,-46.5443046
35485119,-23.4490221,-46.562687
380411216,-23.5262724,-46.5367755
35910319,-23.6328752184523,-46.6003562178604
380361019,-23.5371071663375,-46.6717111932541
99231201,-23.5031810662192,-46.3640049834473
583204,-23.7566259031865,-46.8083838387619
35259119,-23.7565804683833,-46.808413671164
37103819,-23.36422,-46.741496
36701619,-23.403494970576,-46.4339306447051
35270119,-23.5411382184049,-46.4503219796939
35268119,-23.5524356709411,-46.4480084979074
36894719,-22.9888988737661,-46.9884312152863
352241218,-23.6239040080065,-46.6842586104507
379751019,-23.6360975018489,-46.7162901774196
3306320,-23.592668722592,-46.7042134134918
385431119,-22.8898897,-47.0512948
386881219,-23.5602770144574,-46.6748395906675
32456318,-23.5367227287892,-46.5650407386231
37044819,-23.6072529034546,-46.6349228474444
37161819,-22.5933494203498,-47.41620030607
38923120,-23.6434981,-46.7157617
35261119,-23.5599436552226,-46.6040553768286
383951119,-23.5316412112086,-46.5693110183853
383161019,-23.5030187799056,-46.3636530185241
99227201,-23.5029916571831,-46.3637994886383
36722619,-23.5933772150088,-46.6276012128627
35285119,-23.5723446,-46.6373916
37590919,-23.5498106297659,-46.3825292838532
36654519,-23.5542179754397,-46.5140949797623
3649420,-22.9786900401587,-46.9977378306885
31348620,-23.492214956939,-46.6352808475494
36906719,-22.9716924661123,-46.9872322678566
36468519,-23.4771794381043,-46.6025176245369
36404519,-23.6543760242446,-46.568736482209
94447189,-23.5661937833793,-46.5670691825135
35933319,-23.5054091,-46.5208459
36342419,-23.6025991095918,-46.6089419674591
384091119,-23.5252624946489,-46.4989560719312
349731118,-23.5256923021602,-46.5236329431831
350021118,-23.5860690685562,-46.5404096589649
384121119,-23.5298829,-46.5258339
38404217,-23.4950556944894,-46.6916642717583
383941119,-23.493405,-46.5675192
37564919,-23.5791383492631,-46.4482874089843
37737919,-23.564752556585,-46.6435936819926
36359519,-23.559937805795,-46.6755019570518
37204819,-22.8806278074103,-47.1723319447746
36700619,-23.6084001352828,-46.6679364655025
39867220,-23.4871319712843,-46.3041590229969
36998819,-22.9393973773161,-46.9721877574921
385781119,-23.4870141256483,-46.146270954245
36845719,-23.3112770713044,-46.6982565949677
36731619,-23.7293330159571,-46.5605924018524
36749619,-23.502931796923,-46.5975202067459
35287119,-23.6068722265207,-46.9022433283806
35655219,-23.5402970649836,-46.5510562544227
35699219,-23.5476747771082,-46.4598834933235
35696219,-23.5299598831043,-46.45406257038
35695219,-23.5238390546239,-46.5372246400834
36755619,-23.527648936922,-46.5330401441803
38973120,-23.5956807086206,-46.6735375950718
386011119,-23.6428969214977,-46.749420154002
36681619,-23.4641355598263,-46.5627788627392
381171019,-23.53419056226,-46.344102785627
35426119,-23.5809773,-46.6819024
33862718,-23.5976158,-46.6480312
37629919,-23.5688362717453,-46.6602527754785
37628919,-23.5351606400381,-46.6700943607682
39399120,-23.575266,-46.782425
96470195,-23.5496782999592,-46.6900443051463
36435519,-23.5993838054965,-46.6505259914017
99663202,-23.5530379,-46.6774226
383691019,-23.5530610403845,-46.6773150578326
32434318,-23.5979700027498,-46.6620405932541
35881319,-23.5194046008537,-46.4913735674591
377051116,-22.5890565345632,-47.4232271031799
35995319,-23.5662604622238,-46.6839321679331
34924521,-23.5403323653635,-46.6568612245369
383751019,-23.5248820666704,-46.5440910676327
315071217,-23.6023623700088,-46.761423912828
380771019,-23.6548880589216,-46.6044761072014
380741019,-22.8742672275074,-47.2418299055573
352161218,-23.5497505361363,-46.3825291257256
384171119,-23.5735996,-46.7023914
350641218,-22.6041807544109,-47.4237182416641
37010819,-23.2823041371018,-46.7580199278907
39021317,-23.5625837,-46.5808143
36309419,-23.6004672045736,-46.6622144975532
3744520,-22.9034824,-47.1943624
36785719,-23.7197974847118,-46.5466299300595
37489819,-23.4916667176859,-46.5531894908916
35965319,-23.503026433769,-46.6849931408615
37417819,-23.6548714113403,-46.7568822999306
33982718,-23.5959110843516,-46.7420420808905
35332119,-23.5613622084662,-46.6118373129669
97752199,-23.5607523586599,-46.610600754245
35930319,-23.5125266939581,-46.5200714674591
36471519,-23.5604306418483,-46.6290066772461
96499195,-23.6513212469415,-46.7972304904907
96331194,-23.6516946972667,-46.7978742206543
96332194,-23.6518028011093,-46.7977776611298
380821019,-23.5422084358333,-46.2895893925903
380671019,-22.8946883470473,-47.2218373285889
383061019,-23.576259321179,-46.6902658465576
985501911,-23.5437502,-46.5768265
39718417,-23.5441720404639,-46.5768265484932
350891218,-23.4829260659076,-46.55092652314
36803719,-22.9081350952764,-47.0781049705696
39515120,-23.5761362735337,-46.7811250560932
35286119,-23.5291886,-46.5191401
97939199,-23.5837047,-46.8842112
385751119,-23.5062024471111,-46.7894192372133
37594919,-23.511361259117,-46.6542239441803
37744919,-23.5816049598084,-46.5532755501284
39850517,-23.5869506583617,-46.9274806976318
384621119,-23.4539073061132,-46.7371186269143
36306419,-23.5352912,-46.7691828
36072319,-23.4648885936165,-46.5462759919266
36793719,-23.7058997553981,-46.5474883209295
39985320,-22.5991037117915,-47.3880635895492
32896418,-23.569459055737,-46.7039970306885
39496120,-23.5546945510485,-46.5784722349182
349101118,-23.685248261547,-46.5321589300247
37411819,-23.2736663328409,-46.5889234822785
36786719,-23.4044197215922,-46.4345597277558
35969319,-23.6134040572771,-46.6763826067458
38929120,-23.6376341438242,-46.7431622245369
35641219,-23.6133355268656,-46.6747614466965
36744619,-22.8949274099342,-47.0596572728679
33861718,-23.5703859408127,-46.5084639742744
349751118,-23.5744315289333,-46.7076594693809
34171818,-23.5269195018897,-46.8013583780153
385521119,-22.9064354818674,-47.0535249479172
36052319,-23.5035738711204,-46.294365806221
36854719,-22.7433939566031,-47.2928859883606
36349419,-23.6328211587248,-46.6003508534424
36799719,-23.5810701642323,-46.557419411101
39712220,-23.6222034318495,-46.7584272913559
382111019,-23.5005009973058,-46.6275972084169
329181120,-22.8641829702579,-47.2113556428528
35667219,-23.529393,-46.5262732
388641219,-23.4800723335983,-46.6015202578804
31529815,-23.7102091838828,-46.5471429232788
36953819,-23.6221970519799,-46.758191160709
95897193,-23.4786733,-46.5414418
37472819,-23.6611756081143,-46.5267551411045
34148216,-23.5456022190649,-46.6457723249622
34443918,-23.5120136523657,-46.5267042828033
38027215,-23.4881966323587,-46.5542378314383
36794719,-22.8908611856451,-47.074789753373
38974120,-22.9252163,-47.0716151
36970819,-23.6368449856863,-46.5686919244588
36675619,-23.574476049831,-46.7846144684478
36151419,-23.5221811200182,-46.5557097858827
95632192,-23.647608,-46.598135
95471191,-22.9046154487358,-47.1723147006637
36484519,-23.6500206696772,-46.5329919713028
35952616,-23.6154307289397,-46.5714225674939
37584919,-23.554807813919,-46.6502062806084
382821019,-23.5509050929265,-46.6105654306149
982841910,-23.5508444249726,-46.6104219324326
344951018,-23.5277945150211,-46.7713172153443
39347120,-23.5880049707224,-46.6392096993362
39439120,-23.5860983906502,-46.6935965283116
35984319,-23.5739002921898,-46.7071800876969
987311912,-23.5740769796939,-46.7069635828034
36305419,-23.490996805949,-46.4703352941956
36347419,-23.612727,-46.6767637
37346819,-23.5276659550258,-46.6565428226845
36251419,-23.6616859523486,-46.7644065900741
36249419,-23.6311596401871,-46.641843754447
380011019,-23.4689157111436,-46.6937748987419
346761018,-23.6532271944426,-46.6628570987419
96765197,-23.6095734117605,-46.4284263531952
36631519,-23.5766523,-46.5949893
3500420,-22.9204843148043,-47.0812314361069
36816719,-22.918313407891,-47.0808199018524
382761019,-22.9176412342768,-47.0811338898058
35635219,-22.5949182784726,-47.4049774079346
385551119,-22.8221401,-47.0802805
31648720,-23.457385,-46.542071
35659219,-23.6401778896291,-46.5439128934507
381251019,-23.6208494775875,-46.5693179077975
37806919,-23.5814801127587,-46.6157716285476
33533618,-23.635901765142,-46.9895076384399
36147821,-22.947695568644,-47.1198371263199
36795719,-22.8950141112322,-47.0522853196087
36474519,-22.766074174195,-47.6359352205154
36152419,-23.559376299391,-46.593931345369
36939819,-23.5961830355508,-46.6396367549896
36324419,-23.5446703332671,-46.8311157692768
37570919,-22.6601318259475,-47.6904458607132
385241119,-22.903064,-47.1707008
36017319,-23.6878993366251,-46.6246284246063
36811719,-23.6588408949133,-46.7032961099669
37066819,-23.6568802895281,-46.6487321257591
34713814,-23.5927270778038,-46.6874607947802
36952819,-23.58100432925,-46.7498983442783
35263119,-23.6404689937197,-46.7365452276821
35380119,-23.5595220914011,-46.6763233016323
131313,-23.651665,-46.705242
31245623,-23.6133767929341,-46.6725621448441
346601123,-23.54699459,-46.58553921
346361023,-23.545732,-46.616574
347331123,-23.532103,-46.57483
38587424,-23.69137875,-46.68637723
145922310,-23.66284039,-46.72577143
36776224,-23.690937,-46.686125
345711023,-23.677397,-46.69204
347561123,-23.65816867,-46.70289255
30435223,-23.64392067,-46.73998724
30435223,-23.64392067,-46.73998724
348971223,-23.63862746,-46.71590906
387221219,-23.64462343,-46.72076285
36347921,-23.63534651,-46.696625
343401023,-23.64983318,-46.70580284
345631023,-23.642041,-46.721364
18448244,-23.64201151,-46.721364
38399424,-23.64512211,-46.71633111
36374124,-23.64999294,-46.71667231
38549425,-23.673206,-46.671336
31293625,-23.638619,-46.718514
222333444,-23.694141,-46.701364
987987987,-23.688018,-46.670868
986986986,-23.688115,-46.670941
39427724,-23.67679,-46.707272
39346624,-23.556126,-46.602827
39961824,-23.55037495,-46.588135
315551217,-23.54518876,-46.58975713
39466724,-23.552046,-46.603427
31071423,-23.569139,-46.584026
38992524,-23.531469,-46.604967
36799224,-23.560729,-46.612814
19251246,-23.559525,-46.611181
38593424,-23.627114269932,-46.7432598450741
36708224,-23.5701577570258,-46.7491759161878
39395724,-23.5689800694822,-46.7459753661462
38548424,-23.57729168014,-46.7327348703434
347121123,-23.6104548126653,-46.7266024925925
39310624,-23.5833142518739,-46.7372864217945
348521223,-23.5894306350323,-46.7329240886318
39330624,-23.5929818770732,-46.7304587102349
39563724,-23.543158930012,-46.5426503928534
39430724,-23.5277506382867,-46.5282816804325
55555,-23.5425272792103,-46.5431744626695
